This is XeTeX, Version 3.141592653-2.6-0.999997 (TeX Live 2025) (preloaded format=xelatex 2025.9.18)  27 SEP 2025 23:36
entering extended mode
 restricted \write18 enabled.
 %&-line parsing enabled.
**Thesis.tex
(./Thesis.tex
LaTeX2e <2025-06-01> patch level 1
L3 programming layer <2025-09-02>

(/home/abolfazl/Documents/Programs/Texlive/2025/texmf-dist/tex/latex/base/repor
t.cls
Document Class: report 2025/01/22 v1.4n Standard LaTeX document class

(/home/abolfazl/Documents/Programs/Texlive/2025/texmf-dist/tex/latex/base/size1
0.clo
File: size10.clo 2025/01/22 v1.4n Standard LaTeX file (size option)
)
\c@part=\count271
\c@chapter=\count272
\c@section=\count273
\c@subsection=\count274
\c@subsubsection=\count275
\c@paragraph=\count276
\c@subparagraph=\count277
\c@figure=\count278
\c@table=\count279
\abovecaptionskip=\skip49
\belowcaptionskip=\skip50
\bibindent=\dimen148
)
(/home/abolfazl/Documents/Programs/Texlive/2025/texmf-dist/tex/latex/adjustbox/
adjustbox.sty
Package: adjustbox 2025/02/26 v1.3c Adjusting TeX boxes (trim, clip, ...)

(/home/abolfazl/Documents/Programs/Texlive/2025/texmf-dist/tex/latex/xkeyval/xk
eyval.sty
Package: xkeyval 2022/06/16 v2.9 package option processing (HA)

(/home/abolfazl/Documents/Programs/Texlive/2025/texmf-dist/tex/generic/xkeyval/
xkeyval.tex
(/home/abolfazl/Documents/Programs/Texlive/2025/texmf-dist/tex/generic/xkeyval/
xkvutils.tex
\XKV@toks=\toks17
\XKV@tempa@toks=\toks18

(/home/abolfazl/Documents/Programs/Texlive/2025/texmf-dist/tex/generic/xkeyval/
keyval.tex))
\XKV@depth=\count280
File: xkeyval.tex 2014/12/03 v2.7a key=value parser (HA)
))
(/home/abolfazl/Documents/Programs/Texlive/2025/texmf-dist/tex/latex/adjustbox/
adjcalc.sty
Package: adjcalc 2012/05/16 v1.1 Provides advanced setlength with multiple back
-ends (calc, etex, pgfmath)
)
(/home/abolfazl/Documents/Programs/Texlive/2025/texmf-dist/tex/latex/adjustbox/
trimclip.sty
Package: trimclip 2025/02/21 v1.2a Trim and clip general TeX material

(/home/abolfazl/Documents/Programs/Texlive/2025/texmf-dist/tex/latex/graphics/g
raphicx.sty
Package: graphicx 2024/12/31 v1.2e Enhanced LaTeX Graphics (DPC,SPQR)

(/home/abolfazl/Documents/Programs/Texlive/2025/texmf-dist/tex/latex/graphics/g
raphics.sty
Package: graphics 2024/08/06 v1.4g Standard LaTeX Graphics (DPC,SPQR)

(/home/abolfazl/Documents/Programs/Texlive/2025/texmf-dist/tex/latex/graphics/t
rig.sty
Package: trig 2023/12/02 v1.11 sin cos tan (DPC)
)
(/home/abolfazl/Documents/Programs/Texlive/2025/texmf-dist/tex/latex/graphics-c
fg/graphics.cfg
File: graphics.cfg 2016/06/04 v1.11 sample graphics configuration
)
Package graphics Info: Driver file: xetex.def on input line 106.

(/home/abolfazl/Documents/Programs/Texlive/2025/texmf-dist/tex/latex/graphics-d
ef/xetex.def
File: xetex.def 2022/09/22 v5.0n Graphics/color driver for xetex
))
\Gin@req@height=\dimen149
\Gin@req@width=\dimen150
)
(/home/abolfazl/Documents/Programs/Texlive/2025/texmf-dist/tex/latex/collectbox
/collectbox.sty
Package: collectbox 2022/10/17 v0.4c Collect macro arguments as boxes
\collectedbox=\box53
)
\tc@llx=\dimen151
\tc@lly=\dimen152
\tc@urx=\dimen153
\tc@ury=\dimen154
Package trimclip Info: Using driver 'tc-xetex.def'.

(/home/abolfazl/Documents/Programs/Texlive/2025/texmf-dist/tex/latex/adjustbox/
tc-xetex.def
File: tc-xetex.def 2019/01/04 v2.2 Clipping driver for xetex
))
\adjbox@Width=\dimen155
\adjbox@Height=\dimen156
\adjbox@Depth=\dimen157
\adjbox@Totalheight=\dimen158
\adjbox@pwidth=\dimen159
\adjbox@pheight=\dimen160
\adjbox@pdepth=\dimen161
\adjbox@ptotalheight=\dimen162

(/home/abolfazl/Documents/Programs/Texlive/2025/texmf-dist/tex/latex/ifoddpage/
ifoddpage.sty
Package: ifoddpage 2022/10/18 v1.2 Conditionals for odd/even page detection
\c@checkoddpage=\count281
)
(/home/abolfazl/Documents/Programs/Texlive/2025/texmf-dist/tex/latex/varwidth/v
arwidth.sty
Package: varwidth 2009/03/30 ver 0.92;  Variable-width minipages
\@vwid@box=\box54
\sift@deathcycles=\count282
\@vwid@loff=\dimen163
\@vwid@roff=\dimen164
)
==> First Aid for varwidth.sty applied!
)
(/home/abolfazl/Documents/Programs/Texlive/2025/texmf-dist/tex/xelatex/ptext/pt
ext.sty
Package: ptext 2013/04/28 v1.1 A package similar to the lipsum package for the 
Persian language with 100 paragraphs of the Shahnameh

(/home/abolfazl/Documents/Programs/Texlive/2025/texmf-dist/tex/latex/bidi/bidit
ools.sty
Package: biditools 2025/02/02 v2.7 Programming tools for bidi package
\@bidi@envbody=\toks19
\@bidi@emptytoks=\toks20
\bidi@poscount=\count283
\bidi@tempcountb=\count284
\bidi@temptoksa=\toks21
\bidi@temptoksb=\toks22
\bidi@dummies=\count285
\bidi@are@these@correct=\toks23
\bidi@toks@lista=\toks24
\bidi@toks@listb=\toks25
\bidi@stack@length=\count286
\bidi@empty@stack=\toks26
\bidi@looprepeat@depth=\count287
)
\c@pte@count=\count288
)
(/home/abolfazl/Documents/Programs/Texlive/2025/texmf-dist/tex/latex/algorithms
/algorithm.sty
Invalid UTF-8 byte or sequence at line 11 replaced by U+FFFD.
Package: algorithm 2009/08/24 v0.1 Document Style `algorithm' - floating enviro
nment

(/home/abolfazl/Documents/Programs/Texlive/2025/texmf-dist/tex/latex/float/floa
t.sty
Package: float 2001/11/08 v1.3d Float enhancements (AL)
\c@float@type=\count289
\float@exts=\toks27
\float@box=\box55
\@float@everytoks=\toks28
\@floatcapt=\box56
)
(/home/abolfazl/Documents/Programs/Texlive/2025/texmf-dist/tex/latex/base/ifthe
n.sty
Package: ifthen 2024/03/16 v1.1e Standard LaTeX ifthen package (DPC)
)
\@float@every@algorithm=\toks29
\c@algorithm=\count290
)
(/home/abolfazl/Documents/Programs/Texlive/2025/texmf-dist/tex/latex/algorithms
/algorithmic.sty
Invalid UTF-8 byte or sequence at line 11 replaced by U+FFFD.
Package: algorithmic 2009/08/24 v0.1 Document Style `algorithmic'
\c@ALC@unique=\count291
\c@ALC@line=\count292
\c@ALC@rem=\count293
\c@ALC@depth=\count294
\ALC@tlm=\skip51
\algorithmicindent=\skip52
) (../../../Boostan/tex/Boostan-Thesis.tex
(../../../Boostan/tex/src/Boostan-Init.tex)
(../../../Boostan/tex/src/Boostan-Main.tex
(../../../Boostan/tex/src/Boostan-LoadBasicPackage.tex
(/home/abolfazl/Documents/Programs/Texlive/2025/texmf-dist/tex/latex/amscls/ams
thm.sty
Package: amsthm 2020/05/29 v2.20.6
\thm@style=\toks30
\thm@bodyfont=\toks31
\thm@headfont=\toks32
\thm@notefont=\toks33
\thm@headpunct=\toks34
\thm@preskip=\skip53
\thm@postskip=\skip54
\thm@headsep=\skip55
\dth@everypar=\toks35
)
(/home/abolfazl/Documents/Programs/Texlive/2025/texmf-dist/tex/latex/amsmath/am
smath.sty
Package: amsmath 2025/06/16 v2.17y AMS math features
\@mathmargin=\skip56

For additional information on amsmath, use the `?' option.

(/home/abolfazl/Documents/Programs/Texlive/2025/texmf-dist/tex/latex/amsmath/am
stext.sty
Package: amstext 2024/11/17 v2.01 AMS text

(/home/abolfazl/Documents/Programs/Texlive/2025/texmf-dist/tex/latex/amsmath/am
sgen.sty
File: amsgen.sty 1999/11/30 v2.0 generic functions
\@emptytoks=\toks36
\ex@=\dimen165
))
(/home/abolfazl/Documents/Programs/Texlive/2025/texmf-dist/tex/latex/amsmath/am
sbsy.sty
Package: amsbsy 1999/11/29 v1.2d Bold Symbols
\pmbraise@=\dimen166
)
(/home/abolfazl/Documents/Programs/Texlive/2025/texmf-dist/tex/latex/amsmath/am
sopn.sty
Package: amsopn 2022/04/08 v2.04 operator names
)
\inf@bad=\count295
LaTeX Info: Redefining \frac on input line 233.
\uproot@=\count296
\leftroot@=\count297
LaTeX Info: Redefining \overline on input line 398.
LaTeX Info: Redefining \colon on input line 409.
\classnum@=\count298
\DOTSCASE@=\count299
LaTeX Info: Redefining \ldots on input line 495.
LaTeX Info: Redefining \dots on input line 498.
LaTeX Info: Redefining \cdots on input line 619.
\Mathstrutbox@=\box57
\strutbox@=\box58
LaTeX Info: Redefining \big on input line 721.
LaTeX Info: Redefining \Big on input line 722.
LaTeX Info: Redefining \bigg on input line 723.
LaTeX Info: Redefining \Bigg on input line 724.
\big@size=\dimen167
LaTeX Font Info:    Redeclaring font encoding OML on input line 742.
LaTeX Font Info:    Redeclaring font encoding OMS on input line 743.
\macc@depth=\count300
LaTeX Info: Redefining \bmod on input line 904.
LaTeX Info: Redefining \pmod on input line 909.
LaTeX Info: Redefining \smash on input line 939.
LaTeX Info: Redefining \relbar on input line 969.
LaTeX Info: Redefining \Relbar on input line 970.
\c@MaxMatrixCols=\count301
\dotsspace@=\muskip17
\c@parentequation=\count302
\dspbrk@lvl=\count303
\tag@help=\toks37
\row@=\count304
\column@=\count305
\maxfields@=\count306
\andhelp@=\toks38
\eqnshift@=\dimen168
\alignsep@=\dimen169
\tagshift@=\dimen170
\tagwidth@=\dimen171
\totwidth@=\dimen172
\lineht@=\dimen173
\@envbody=\toks39
\multlinegap=\skip57
\multlinetaggap=\skip58
\mathdisplay@stack=\toks40
LaTeX Info: Redefining \[ on input line 2949.
LaTeX Info: Redefining \] on input line 2950.
)
(/home/abolfazl/Documents/Programs/Texlive/2025/texmf-dist/tex/latex/amsfonts/a
mssymb.sty
Package: amssymb 2013/01/14 v3.01 AMS font symbols

(/home/abolfazl/Documents/Programs/Texlive/2025/texmf-dist/tex/latex/amsfonts/a
msfonts.sty
Package: amsfonts 2013/01/14 v3.01 Basic AMSFonts support
\symAMSa=\mathgroup4
\symAMSb=\mathgroup5
LaTeX Font Info:    Redeclaring math symbol \hbar on input line 98.
LaTeX Font Info:    Overwriting math alphabet `\mathfrak' in version `bold'
(Font)                  U/euf/m/n --> U/euf/b/n on input line 106.
))
(/home/abolfazl/Documents/Programs/Texlive/2025/texmf-dist/tex/latex/wasysym/wa
sysym.sty
Package: wasysym 2020/01/19 v2.4 Wasy-2 symbol support package
\symwasy=\mathgroup6
LaTeX Font Info:    Overwriting symbol font `wasy' in version `bold'
(Font)                  U/wasy/m/n --> U/wasy/b/n on input line 93.
)
(/home/abolfazl/Documents/Programs/Texlive/2025/texmf-dist/tex/latex/graphics/r
otating.sty
Package: rotating 2025/01/14 v2.16e rotated objects in LaTeX
\c@r@tfl@t=\count307
\rotFPtop=\skip59
\rotFPbot=\skip60
\rot@float@box=\box59
\rot@mess@toks=\toks41
)
(/home/abolfazl/Documents/Programs/Texlive/2025/texmf-dist/tex/latex/geometry/g
eometry.sty
Package: geometry 2020/01/02 v5.9 Page Geometry

(/home/abolfazl/Documents/Programs/Texlive/2025/texmf-dist/tex/generic/iftex/if
vtex.sty
Package: ifvtex 2019/10/25 v1.7 ifvtex legacy package. Use iftex instead.

(/home/abolfazl/Documents/Programs/Texlive/2025/texmf-dist/tex/generic/iftex/if
tex.sty
Package: iftex 2024/12/12 v1.0g TeX engine tests
))
\Gm@cnth=\count308
\Gm@cntv=\count309
\c@Gm@tempcnt=\count310
\Gm@bindingoffset=\dimen174
\Gm@wd@mp=\dimen175
\Gm@odd@mp=\dimen176
\Gm@even@mp=\dimen177
\Gm@layoutwidth=\dimen178
\Gm@layoutheight=\dimen179
\Gm@layouthoffset=\dimen180
\Gm@layoutvoffset=\dimen181
\Gm@dimlist=\toks42
)
(/home/abolfazl/Documents/Programs/Texlive/2025/texmf-dist/tex/latex/caption/su
bcaption.sty
Package: subcaption 2023/07/28 v1.6b Sub-captions (AR)

(/home/abolfazl/Documents/Programs/Texlive/2025/texmf-dist/tex/latex/caption/ca
ption.sty
Package: caption 2023/08/05 v3.6o Customizing captions (AR)

(/home/abolfazl/Documents/Programs/Texlive/2025/texmf-dist/tex/latex/caption/ca
ption3.sty
Package: caption3 2023/07/31 v2.4d caption3 kernel (AR)
\caption@tempdima=\dimen182
\captionmargin=\dimen183
\caption@leftmargin=\dimen184
\caption@rightmargin=\dimen185
\caption@width=\dimen186
\caption@indent=\dimen187
\caption@parindent=\dimen188
\caption@hangindent=\dimen189
Package caption Info: Standard document class detected.
)
\c@caption@flags=\count311
\c@continuedfloat=\count312
Package caption Info: float package is loaded.
Package caption Info: rotating package is loaded.
)
Package caption Info: New subtype `subfigure' on input line 238.
\c@subfigure=\count313
Package caption Info: New subtype `subtable' on input line 238.
\c@subtable=\count314
)
(/home/abolfazl/Documents/Programs/Texlive/2025/texmf-dist/tex/latex/xcolor/xco
lor.sty
Package: xcolor 2024/09/29 v3.02 LaTeX color extensions (UK)

(/home/abolfazl/Documents/Programs/Texlive/2025/texmf-dist/tex/latex/graphics-c
fg/color.cfg
File: color.cfg 2016/01/02 v1.6 sample color configuration
)
Package xcolor Info: Driver file: xetex.def on input line 274.

(/home/abolfazl/Documents/Programs/Texlive/2025/texmf-dist/tex/latex/graphics/m
athcolor.ltx)
Package xcolor Info: Model `cmy' substituted by `cmy0' on input line 1349.
Package xcolor Info: Model `RGB' extended on input line 1365.
Package xcolor Info: Model `HTML' substituted by `rgb' on input line 1367.
Package xcolor Info: Model `Hsb' substituted by `hsb' on input line 1368.
Package xcolor Info: Model `tHsb' substituted by `hsb' on input line 1369.
Package xcolor Info: Model `HSB' substituted by `hsb' on input line 1370.
Package xcolor Info: Model `Gray' substituted by `gray' on input line 1371.
Package xcolor Info: Model `wave' substituted by `hsb' on input line 1372.
)
(/home/abolfazl/Documents/Programs/Texlive/2025/texmf-dist/tex/latex/graphics/d
vipsnam.def
File: dvipsnam.def 2016/06/17 v3.0m Driver-dependent file (DPC,SPQR)
)
(/home/abolfazl/Documents/Programs/Texlive/2025/texmf-dist/tex/latex/eso-pic/es
o-pic.sty
Package: eso-pic 2023/05/03 v3.0c eso-pic (RN)
\ESO@tempdima=\dimen190
\ESO@tempdimb=\dimen191
)
(/home/abolfazl/Documents/Programs/Texlive/2025/texmf-dist/tex/latex/qrcode/qrc
ode.sty
Package: qrcode 2015/01/08 v1.51 QR code generation
\c@qr@i=\count315
\c@qr@j=\count316
\qr@a=\count317
\qr@b=\count318
\qr@c=\count319
\qr@for@depth=\count320
\qr@for@maxdepth=\count321
\qr@for@start=\count322
\qr@for@end=\count323
\qr@for@step=\count324
\qr@newforcount=\count325
\qr@newforcount=\count326
\qr@desiredheight=\skip61
\qr@modulesize=\skip62
\qr@minipagewidth=\skip63
\c@maski=\count327
\c@maskj=\count328
\c@totalones=\count329
\c@penaltyi=\count330
\c@penaltyii=\count331
\c@penaltyiii=\count332
\c@penaltyiv=\count333
\c@qr@hexchars=\count334
\qr@newforcount=\count335
\c@qr@divisionsremaining=\count336
)
(/home/abolfazl/Documents/Programs/Texlive/2025/texmf-dist/tex/latex/psnfss/pif
ont.sty
Package: pifont 2020/03/25 PSNFSS-v9.3 Pi font support (SPQR) 
LaTeX Font Info:    Trying to load font information for U+pzd on input line 63.


(/home/abolfazl/Documents/Programs/Texlive/2025/texmf-dist/tex/latex/psnfss/upz
d.fd
File: upzd.fd 2001/06/04 font definitions for U/pzd.
)
LaTeX Font Info:    Trying to load font information for U+psy on input line 64.


(/home/abolfazl/Documents/Programs/Texlive/2025/texmf-dist/tex/latex/psnfss/ups
y.fd
File: upsy.fd 2001/06/04 font definitions for U/psy.
))
(/home/abolfazl/Documents/Programs/Texlive/2025/texmf-dist/tex/latex/multirow/m
ultirow.sty
Package: multirow 2024/11/12 v2.9 Span multiple rows of a table
\multirow@colwidth=\skip64
\multirow@cntb=\count337
\multirow@dima=\skip65
\bigstrutjot=\dimen192
)
(/home/abolfazl/Documents/Programs/Texlive/2025/texmf-dist/tex/latex/booktabs/b
ooktabs.sty
Package: booktabs 2020/01/12 v1.61803398 Publication quality tables
\heavyrulewidth=\dimen193
\lightrulewidth=\dimen194
\cmidrulewidth=\dimen195
\belowrulesep=\dimen196
\belowbottomsep=\dimen197
\aboverulesep=\dimen198
\abovetopsep=\dimen199
\cmidrulesep=\dimen256
\cmidrulekern=\dimen257
\defaultaddspace=\dimen258
\@cmidla=\count338
\@cmidlb=\count339
\@aboverulesep=\dimen259
\@belowrulesep=\dimen260
\@thisruleclass=\count340
\@lastruleclass=\count341
\@thisrulewidth=\dimen261
)
(/home/abolfazl/Documents/Programs/Texlive/2025/texmf-dist/tex/latex/framed/fra
med.sty
Package: framed 2011/10/22 v 0.96: framed or shaded text with page breaks
\OuterFrameSep=\skip66
\fb@frw=\dimen262
\fb@frh=\dimen263
\FrameRule=\dimen264
\FrameSep=\dimen265
)
(/home/abolfazl/Documents/Programs/Texlive/2025/texmf-dist/tex/latex/pgf/fronte
ndlayer/tikz.sty
(/home/abolfazl/Documents/Programs/Texlive/2025/texmf-dist/tex/latex/pgf/basicl
ayer/pgf.sty
(/home/abolfazl/Documents/Programs/Texlive/2025/texmf-dist/tex/latex/pgf/utilit
ies/pgfrcs.sty
(/home/abolfazl/Documents/Programs/Texlive/2025/texmf-dist/tex/generic/pgf/util
ities/pgfutil-common.tex
\pgfutil@everybye=\toks43
\pgfutil@tempdima=\dimen266
\pgfutil@tempdimb=\dimen267
)
(/home/abolfazl/Documents/Programs/Texlive/2025/texmf-dist/tex/generic/pgf/util
ities/pgfutil-latex.def
\pgfutil@abb=\box60
)
(/home/abolfazl/Documents/Programs/Texlive/2025/texmf-dist/tex/generic/pgf/util
ities/pgfrcs.code.tex
(/home/abolfazl/Documents/Programs/Texlive/2025/texmf-dist/tex/generic/pgf/pgf.
revision.tex)
Package: pgfrcs 2025-08-29 v3.1.11a (3.1.11a)
))
Package: pgf 2025-08-29 v3.1.11a (3.1.11a)

(/home/abolfazl/Documents/Programs/Texlive/2025/texmf-dist/tex/latex/pgf/basicl
ayer/pgfcore.sty
(/home/abolfazl/Documents/Programs/Texlive/2025/texmf-dist/tex/latex/pgf/system
layer/pgfsys.sty
(/home/abolfazl/Documents/Programs/Texlive/2025/texmf-dist/tex/generic/pgf/syst
emlayer/pgfsys.code.tex
Package: pgfsys 2025-08-29 v3.1.11a (3.1.11a)

(/home/abolfazl/Documents/Programs/Texlive/2025/texmf-dist/tex/generic/pgf/util
ities/pgfkeys.code.tex
\pgfkeys@pathtoks=\toks44
\pgfkeys@temptoks=\toks45

(/home/abolfazl/Documents/Programs/Texlive/2025/texmf-dist/tex/generic/pgf/util
ities/pgfkeyslibraryfiltered.code.tex
\pgfkeys@tmptoks=\toks46
))
\pgf@x=\dimen268
\pgf@y=\dimen269
\pgf@xa=\dimen270
\pgf@ya=\dimen271
\pgf@xb=\dimen272
\pgf@yb=\dimen273
\pgf@xc=\dimen274
\pgf@yc=\dimen275
\pgf@xd=\dimen276
\pgf@yd=\dimen277
\w@pgf@writea=\write3
\r@pgf@reada=\read2
\c@pgf@counta=\count342
\c@pgf@countb=\count343
\c@pgf@countc=\count344
\c@pgf@countd=\count345
\t@pgf@toka=\toks47
\t@pgf@tokb=\toks48
\t@pgf@tokc=\toks49
\pgf@sys@id@count=\count346

(/home/abolfazl/Documents/Programs/Texlive/2025/texmf-dist/tex/generic/pgf/syst
emlayer/pgf.cfg
File: pgf.cfg 2025-08-29 v3.1.11a (3.1.11a)
)
Driver file for pgf: pgfsys-xetex.def

(/home/abolfazl/Documents/Programs/Texlive/2025/texmf-dist/tex/generic/pgf/syst
emlayer/pgfsys-xetex.def
File: pgfsys-xetex.def 2025-08-29 v3.1.11a (3.1.11a)

(/home/abolfazl/Documents/Programs/Texlive/2025/texmf-dist/tex/generic/pgf/syst
emlayer/pgfsys-dvipdfmx.def
File: pgfsys-dvipdfmx.def 2025-08-29 v3.1.11a (3.1.11a)

(/home/abolfazl/Documents/Programs/Texlive/2025/texmf-dist/tex/generic/pgf/syst
emlayer/pgfsys-common-pdf.def
File: pgfsys-common-pdf.def 2025-08-29 v3.1.11a (3.1.11a)
)
\pgfsys@objnum=\count347
)))
(/home/abolfazl/Documents/Programs/Texlive/2025/texmf-dist/tex/generic/pgf/syst
emlayer/pgfsyssoftpath.code.tex
File: pgfsyssoftpath.code.tex 2025-08-29 v3.1.11a (3.1.11a)
\pgfsyssoftpath@smallbuffer@items=\count348
\pgfsyssoftpath@bigbuffer@items=\count349
)
(/home/abolfazl/Documents/Programs/Texlive/2025/texmf-dist/tex/generic/pgf/syst
emlayer/pgfsysprotocol.code.tex
File: pgfsysprotocol.code.tex 2025-08-29 v3.1.11a (3.1.11a)
))
(/home/abolfazl/Documents/Programs/Texlive/2025/texmf-dist/tex/generic/pgf/basi
clayer/pgfcore.code.tex
Package: pgfcore 2025-08-29 v3.1.11a (3.1.11a)

(/home/abolfazl/Documents/Programs/Texlive/2025/texmf-dist/tex/generic/pgf/math
/pgfmath.code.tex
(/home/abolfazl/Documents/Programs/Texlive/2025/texmf-dist/tex/generic/pgf/math
/pgfmathutil.code.tex)
(/home/abolfazl/Documents/Programs/Texlive/2025/texmf-dist/tex/generic/pgf/math
/pgfmathparser.code.tex
\pgfmath@dimen=\dimen278
\pgfmath@count=\count350
\pgfmath@box=\box61
\pgfmath@toks=\toks50
\pgfmath@stack@operand=\toks51
\pgfmath@stack@operation=\toks52
)
(/home/abolfazl/Documents/Programs/Texlive/2025/texmf-dist/tex/generic/pgf/math
/pgfmathfunctions.code.tex)
(/home/abolfazl/Documents/Programs/Texlive/2025/texmf-dist/tex/generic/pgf/math
/pgfmathfunctions.basic.code.tex)
(/home/abolfazl/Documents/Programs/Texlive/2025/texmf-dist/tex/generic/pgf/math
/pgfmathfunctions.trigonometric.code.tex)
(/home/abolfazl/Documents/Programs/Texlive/2025/texmf-dist/tex/generic/pgf/math
/pgfmathfunctions.random.code.tex)
(/home/abolfazl/Documents/Programs/Texlive/2025/texmf-dist/tex/generic/pgf/math
/pgfmathfunctions.comparison.code.tex)
(/home/abolfazl/Documents/Programs/Texlive/2025/texmf-dist/tex/generic/pgf/math
/pgfmathfunctions.base.code.tex)
(/home/abolfazl/Documents/Programs/Texlive/2025/texmf-dist/tex/generic/pgf/math
/pgfmathfunctions.round.code.tex)
(/home/abolfazl/Documents/Programs/Texlive/2025/texmf-dist/tex/generic/pgf/math
/pgfmathfunctions.misc.code.tex)
(/home/abolfazl/Documents/Programs/Texlive/2025/texmf-dist/tex/generic/pgf/math
/pgfmathfunctions.integerarithmetics.code.tex)
(/home/abolfazl/Documents/Programs/Texlive/2025/texmf-dist/tex/generic/pgf/math
/pgfmathcalc.code.tex)
(/home/abolfazl/Documents/Programs/Texlive/2025/texmf-dist/tex/generic/pgf/math
/pgfmathfloat.code.tex
\c@pgfmathroundto@lastzeros=\count351
))
(/home/abolfazl/Documents/Programs/Texlive/2025/texmf-dist/tex/generic/pgf/math
/pgfint.code.tex)
(/home/abolfazl/Documents/Programs/Texlive/2025/texmf-dist/tex/generic/pgf/basi
clayer/pgfcorepoints.code.tex
File: pgfcorepoints.code.tex 2025-08-29 v3.1.11a (3.1.11a)
\pgf@picminx=\dimen279
\pgf@picmaxx=\dimen280
\pgf@picminy=\dimen281
\pgf@picmaxy=\dimen282
\pgf@pathminx=\dimen283
\pgf@pathmaxx=\dimen284
\pgf@pathminy=\dimen285
\pgf@pathmaxy=\dimen286
\pgf@xx=\dimen287
\pgf@xy=\dimen288
\pgf@yx=\dimen289
\pgf@yy=\dimen290
\pgf@zx=\dimen291
\pgf@zy=\dimen292
)
(/home/abolfazl/Documents/Programs/Texlive/2025/texmf-dist/tex/generic/pgf/basi
clayer/pgfcorepathconstruct.code.tex
File: pgfcorepathconstruct.code.tex 2025-08-29 v3.1.11a (3.1.11a)
\pgf@path@lastx=\dimen293
\pgf@path@lasty=\dimen294
)
(/home/abolfazl/Documents/Programs/Texlive/2025/texmf-dist/tex/generic/pgf/basi
clayer/pgfcorepathusage.code.tex
File: pgfcorepathusage.code.tex 2025-08-29 v3.1.11a (3.1.11a)
\pgf@shorten@end@additional=\dimen295
\pgf@shorten@start@additional=\dimen296
)
(/home/abolfazl/Documents/Programs/Texlive/2025/texmf-dist/tex/generic/pgf/basi
clayer/pgfcorescopes.code.tex
File: pgfcorescopes.code.tex 2025-08-29 v3.1.11a (3.1.11a)
\pgfpic=\box62
\pgf@hbox=\box63
\pgf@layerbox@main=\box64
\pgf@picture@serial@count=\count352
)
(/home/abolfazl/Documents/Programs/Texlive/2025/texmf-dist/tex/generic/pgf/basi
clayer/pgfcoregraphicstate.code.tex
File: pgfcoregraphicstate.code.tex 2025-08-29 v3.1.11a (3.1.11a)
\pgflinewidth=\dimen297
)
(/home/abolfazl/Documents/Programs/Texlive/2025/texmf-dist/tex/generic/pgf/basi
clayer/pgfcoretransformations.code.tex
File: pgfcoretransformations.code.tex 2025-08-29 v3.1.11a (3.1.11a)
\pgf@pt@x=\dimen298
\pgf@pt@y=\dimen299
\pgf@pt@temp=\dimen300
)
(/home/abolfazl/Documents/Programs/Texlive/2025/texmf-dist/tex/generic/pgf/basi
clayer/pgfcorequick.code.tex
File: pgfcorequick.code.tex 2025-08-29 v3.1.11a (3.1.11a)
)
(/home/abolfazl/Documents/Programs/Texlive/2025/texmf-dist/tex/generic/pgf/basi
clayer/pgfcoreobjects.code.tex
File: pgfcoreobjects.code.tex 2025-08-29 v3.1.11a (3.1.11a)
)
(/home/abolfazl/Documents/Programs/Texlive/2025/texmf-dist/tex/generic/pgf/basi
clayer/pgfcorepathprocessing.code.tex
File: pgfcorepathprocessing.code.tex 2025-08-29 v3.1.11a (3.1.11a)
)
(/home/abolfazl/Documents/Programs/Texlive/2025/texmf-dist/tex/generic/pgf/basi
clayer/pgfcorearrows.code.tex
File: pgfcorearrows.code.tex 2025-08-29 v3.1.11a (3.1.11a)
\pgfarrowsep=\dimen301
)
(/home/abolfazl/Documents/Programs/Texlive/2025/texmf-dist/tex/generic/pgf/basi
clayer/pgfcoreshade.code.tex
File: pgfcoreshade.code.tex 2025-08-29 v3.1.11a (3.1.11a)
\pgf@max=\dimen302
\pgf@sys@shading@range@num=\count353
\pgf@shadingcount=\count354
)
(/home/abolfazl/Documents/Programs/Texlive/2025/texmf-dist/tex/generic/pgf/basi
clayer/pgfcoreimage.code.tex
File: pgfcoreimage.code.tex 2025-08-29 v3.1.11a (3.1.11a)
)
(/home/abolfazl/Documents/Programs/Texlive/2025/texmf-dist/tex/generic/pgf/basi
clayer/pgfcoreexternal.code.tex
File: pgfcoreexternal.code.tex 2025-08-29 v3.1.11a (3.1.11a)
\pgfexternal@startupbox=\box65
)
(/home/abolfazl/Documents/Programs/Texlive/2025/texmf-dist/tex/generic/pgf/basi
clayer/pgfcorelayers.code.tex
File: pgfcorelayers.code.tex 2025-08-29 v3.1.11a (3.1.11a)
)
(/home/abolfazl/Documents/Programs/Texlive/2025/texmf-dist/tex/generic/pgf/basi
clayer/pgfcoretransparency.code.tex
File: pgfcoretransparency.code.tex 2025-08-29 v3.1.11a (3.1.11a)
)
(/home/abolfazl/Documents/Programs/Texlive/2025/texmf-dist/tex/generic/pgf/basi
clayer/pgfcorepatterns.code.tex
File: pgfcorepatterns.code.tex 2025-08-29 v3.1.11a (3.1.11a)
)
(/home/abolfazl/Documents/Programs/Texlive/2025/texmf-dist/tex/generic/pgf/basi
clayer/pgfcorerdf.code.tex
File: pgfcorerdf.code.tex 2025-08-29 v3.1.11a (3.1.11a)
)))
(/home/abolfazl/Documents/Programs/Texlive/2025/texmf-dist/tex/generic/pgf/modu
les/pgfmoduleshapes.code.tex
File: pgfmoduleshapes.code.tex 2025-08-29 v3.1.11a (3.1.11a)
\pgfnodeparttextbox=\box66
)
(/home/abolfazl/Documents/Programs/Texlive/2025/texmf-dist/tex/generic/pgf/modu
les/pgfmoduleplot.code.tex
File: pgfmoduleplot.code.tex 2025-08-29 v3.1.11a (3.1.11a)
)
(/home/abolfazl/Documents/Programs/Texlive/2025/texmf-dist/tex/latex/pgf/compat
ibility/pgfcomp-version-0-65.sty
Package: pgfcomp-version-0-65 2025-08-29 v3.1.11a (3.1.11a)
\pgf@nodesepstart=\dimen303
\pgf@nodesepend=\dimen304
)
(/home/abolfazl/Documents/Programs/Texlive/2025/texmf-dist/tex/latex/pgf/compat
ibility/pgfcomp-version-1-18.sty
Package: pgfcomp-version-1-18 2025-08-29 v3.1.11a (3.1.11a)
))
(/home/abolfazl/Documents/Programs/Texlive/2025/texmf-dist/tex/latex/pgf/utilit
ies/pgffor.sty
(/home/abolfazl/Documents/Programs/Texlive/2025/texmf-dist/tex/latex/pgf/utilit
ies/pgfkeys.sty
(/home/abolfazl/Documents/Programs/Texlive/2025/texmf-dist/tex/generic/pgf/util
ities/pgfkeys.code.tex))
(/home/abolfazl/Documents/Programs/Texlive/2025/texmf-dist/tex/latex/pgf/math/p
gfmath.sty
(/home/abolfazl/Documents/Programs/Texlive/2025/texmf-dist/tex/generic/pgf/math
/pgfmath.code.tex))
(/home/abolfazl/Documents/Programs/Texlive/2025/texmf-dist/tex/generic/pgf/util
ities/pgffor.code.tex
Package: pgffor 2025-08-29 v3.1.11a (3.1.11a)
\pgffor@iter=\dimen305
\pgffor@skip=\dimen306
\pgffor@stack=\toks53
\pgffor@toks=\toks54
))
(/home/abolfazl/Documents/Programs/Texlive/2025/texmf-dist/tex/generic/pgf/fron
tendlayer/tikz/tikz.code.tex
Package: tikz 2025-08-29 v3.1.11a (3.1.11a)

(/home/abolfazl/Documents/Programs/Texlive/2025/texmf-dist/tex/generic/pgf/libr
aries/pgflibraryplothandlers.code.tex
File: pgflibraryplothandlers.code.tex 2025-08-29 v3.1.11a (3.1.11a)
\pgf@plot@mark@count=\count355
\pgfplotmarksize=\dimen307
)
\tikz@lastx=\dimen308
\tikz@lasty=\dimen309
\tikz@lastxsaved=\dimen310
\tikz@lastysaved=\dimen311
\tikz@lastmovetox=\dimen312
\tikz@lastmovetoy=\dimen313
\tikzleveldistance=\dimen314
\tikzsiblingdistance=\dimen315
\tikz@figbox=\box67
\tikz@figbox@bg=\box68
\tikz@tempbox=\box69
\tikz@tempbox@bg=\box70
\tikztreelevel=\count356
\tikznumberofchildren=\count357
\tikznumberofcurrentchild=\count358
\tikz@fig@count=\count359

(/home/abolfazl/Documents/Programs/Texlive/2025/texmf-dist/tex/generic/pgf/modu
les/pgfmodulematrix.code.tex
File: pgfmodulematrix.code.tex 2025-08-29 v3.1.11a (3.1.11a)
\pgfmatrixcurrentrow=\count360
\pgfmatrixcurrentcolumn=\count361
\pgf@matrix@numberofcolumns=\count362
)
\tikz@expandcount=\count363

(/home/abolfazl/Documents/Programs/Texlive/2025/texmf-dist/tex/generic/pgf/fron
tendlayer/tikz/libraries/tikzlibrarytopaths.code.tex
File: tikzlibrarytopaths.code.tex 2025-08-29 v3.1.11a (3.1.11a)
)))
(/home/abolfazl/Documents/Programs/Texlive/2025/texmf-dist/tex/generic/pgf/fron
tendlayer/tikz/libraries/tikzlibrarycalc.code.tex
File: tikzlibrarycalc.code.tex 2025-08-29 v3.1.11a (3.1.11a)
)
(/home/abolfazl/Documents/Programs/Texlive/2025/texmf-dist/tex/latex/mdframed/m
dframed.sty
Package: mdframed 2013/07/01 1.9b: mdframed

(/home/abolfazl/Documents/Programs/Texlive/2025/texmf-dist/tex/latex/kvoptions/
kvoptions.sty
Package: kvoptions 2022-06-15 v3.15 Key value format for package options (HO)

(/home/abolfazl/Documents/Programs/Texlive/2025/texmf-dist/tex/generic/ltxcmds/
ltxcmds.sty
Package: ltxcmds 2023-12-04 v1.26 LaTeX kernel commands for general use (HO)
)
(/home/abolfazl/Documents/Programs/Texlive/2025/texmf-dist/tex/latex/kvsetkeys/
kvsetkeys.sty
Package: kvsetkeys 2022-10-05 v1.19 Key value parser (HO)
))
(/home/abolfazl/Documents/Programs/Texlive/2025/texmf-dist/tex/latex/l3packages
/xparse/xparse.sty
(/home/abolfazl/Documents/Programs/Texlive/2025/texmf-dist/tex/latex/l3kernel/e
xpl3.sty
Package: expl3 2025-09-02 L3 programming layer (loader) 

(/home/abolfazl/Documents/Programs/Texlive/2025/texmf-dist/tex/latex/l3backend/
l3backend-xetex.def
File: l3backend-xetex.def 2025-06-09 L3 backend support: XeTeX
\g__graphics_track_int=\count364
\g__pdfannot_backend_int=\count365
\g__pdfannot_backend_link_int=\count366
))
Package: xparse 2024-08-16 L3 Experimental document command parser
)
(/home/abolfazl/Documents/Programs/Texlive/2025/texmf-dist/tex/latex/etoolbox/e
toolbox.sty
Package: etoolbox 2025/02/11 v2.5l e-TeX tools for LaTeX (JAW)
\etb@tempcnta=\count367
)
(/home/abolfazl/Documents/Programs/Texlive/2025/texmf-dist/tex/latex/zref/zref-
abspage.sty
Package: zref-abspage 2025-06-08 v2.36 Module abspage for zref (HO)

(/home/abolfazl/Documents/Programs/Texlive/2025/texmf-dist/tex/latex/zref/zref-
base.sty
Package: zref-base 2025-06-08 v2.36 Module base for zref (HO)

(/home/abolfazl/Documents/Programs/Texlive/2025/texmf-dist/tex/generic/infwarer
r/infwarerr.sty
Package: infwarerr 2019/12/03 v1.5 Providing info/warning/error messages (HO)
)
(/home/abolfazl/Documents/Programs/Texlive/2025/texmf-dist/tex/generic/kvdefine
keys/kvdefinekeys.sty
Package: kvdefinekeys 2019-12-19 v1.6 Define keys (HO)
)
(/home/abolfazl/Documents/Programs/Texlive/2025/texmf-dist/tex/generic/pdftexcm
ds/pdftexcmds.sty
Package: pdftexcmds 2020-06-27 v0.33 Utility functions of pdfTeX for LuaTeX (HO
)
Package pdftexcmds Info: \pdf@primitive is available.
Package pdftexcmds Info: \pdf@ifprimitive is available.
Package pdftexcmds Info: \pdfdraftmode not found.
)
(/home/abolfazl/Documents/Programs/Texlive/2025/texmf-dist/tex/generic/etexcmds
/etexcmds.sty
Package: etexcmds 2019/12/15 v1.7 Avoid name clashes with e-TeX commands (HO)
)
(/home/abolfazl/Documents/Programs/Texlive/2025/texmf-dist/tex/latex/auxhook/au
xhook.sty
Package: auxhook 2019-12-17 v1.6 Hooks for auxiliary files (HO)
)
Package zref Info: New property list: main on input line 767.
Package zref Info: New property: default on input line 768.
Package zref Info: New property: page on input line 769.
)
\c@abspage=\count368
Package zref Info: New property: abspage on input line 67.
)
(/home/abolfazl/Documents/Programs/Texlive/2025/texmf-dist/tex/latex/needspace/
needspace.sty
Package: needspace 2025/03/13 v1.3e reserve vertical space
)
\mdf@templength=\skip67
\c@mdf@globalstyle@cnt=\count369
\mdf@skipabove@length=\skip68
\mdf@skipbelow@length=\skip69
\mdf@leftmargin@length=\skip70
\mdf@rightmargin@length=\skip71
\mdf@innerleftmargin@length=\skip72
\mdf@innerrightmargin@length=\skip73
\mdf@innertopmargin@length=\skip74
\mdf@innerbottommargin@length=\skip75
\mdf@splittopskip@length=\skip76
\mdf@splitbottomskip@length=\skip77
\mdf@outermargin@length=\skip78
\mdf@innermargin@length=\skip79
\mdf@linewidth@length=\skip80
\mdf@innerlinewidth@length=\skip81
\mdf@middlelinewidth@length=\skip82
\mdf@outerlinewidth@length=\skip83
\mdf@roundcorner@length=\skip84
\mdf@footenotedistance@length=\skip85
\mdf@userdefinedwidth@length=\skip86
\mdf@needspace@length=\skip87
\mdf@frametitleaboveskip@length=\skip88
\mdf@frametitlebelowskip@length=\skip89
\mdf@frametitlerulewidth@length=\skip90
\mdf@frametitleleftmargin@length=\skip91
\mdf@frametitlerightmargin@length=\skip92
\mdf@shadowsize@length=\skip93
\mdf@extratopheight@length=\skip94
\mdf@subtitleabovelinewidth@length=\skip95
\mdf@subtitlebelowlinewidth@length=\skip96
\mdf@subtitleaboveskip@length=\skip97
\mdf@subtitlebelowskip@length=\skip98
\mdf@subtitleinneraboveskip@length=\skip99
\mdf@subtitleinnerbelowskip@length=\skip100
\mdf@subsubtitleabovelinewidth@length=\skip101
\mdf@subsubtitlebelowlinewidth@length=\skip102
\mdf@subsubtitleaboveskip@length=\skip103
\mdf@subsubtitlebelowskip@length=\skip104
\mdf@subsubtitleinneraboveskip@length=\skip105
\mdf@subsubtitleinnerbelowskip@length=\skip106

(/home/abolfazl/Documents/Programs/Texlive/2025/texmf-dist/tex/latex/mdframed/m
d-frame-1.mdf
File: md-frame-1.mdf 2013/07/01\ 1.9b: md-frame-1
)
\mdf@frametitlebox=\box71
\mdf@footnotebox=\box72
\mdf@splitbox@one=\box73
\mdf@splitbox@two=\box74
\mdf@splitbox@save=\box75
\mdfsplitboxwidth=\skip107
\mdfsplitboxtotalwidth=\skip108
\mdfsplitboxheight=\skip109
\mdfsplitboxdepth=\skip110
\mdfsplitboxtotalheight=\skip111
\mdfframetitleboxwidth=\skip112
\mdfframetitleboxtotalwidth=\skip113
\mdfframetitleboxheight=\skip114
\mdfframetitleboxdepth=\skip115
\mdfframetitleboxtotalheight=\skip116
\mdffootnoteboxwidth=\skip117
\mdffootnoteboxtotalwidth=\skip118
\mdffootnoteboxheight=\skip119
\mdffootnoteboxdepth=\skip120
\mdffootnoteboxtotalheight=\skip121
\mdftotallinewidth=\skip122
\mdfboundingboxwidth=\skip123
\mdfboundingboxtotalwidth=\skip124
\mdfboundingboxheight=\skip125
\mdfboundingboxdepth=\skip126
\mdfboundingboxtotalheight=\skip127
\mdf@freevspace@length=\skip128
\mdf@horizontalwidthofbox@length=\skip129
\mdf@verticalmarginwhole@length=\skip130
\mdf@horizontalspaceofbox=\skip131
\mdfsubtitleheight=\skip132
\mdfsubsubtitleheight=\skip133
\c@mdfcountframes=\count370

****** mdframed patching \endmdf@trivlist

****** -- success******

\mdf@envdepth=\count371
\c@mdf@env@i=\count372
\c@mdf@env@ii=\count373
\c@mdf@zref@counter=\count374
Package zref Info: New property: mdf@pagevalue on input line 895.
)
(/home/abolfazl/Documents/Programs/Texlive/2025/texmf-dist/tex/latex/titlesec/t
itlesec.sty
Package: titlesec 2025/01/04 v2.17 Sectioning titles
\ttl@box=\box76
\beforetitleunit=\skip134
\aftertitleunit=\skip135
\ttl@plus=\dimen316
\ttl@minus=\dimen317
\ttl@toksa=\toks55
\titlewidth=\dimen318
\titlewidthlast=\dimen319
\titlewidthfirst=\dimen320
)
(/home/abolfazl/Documents/Programs/Texlive/2025/texmf-dist/tex/latex/setspace/s
etspace.sty
Package: setspace 2022/12/04 v6.7b set line spacing
)
(/home/abolfazl/Documents/Programs/Texlive/2025/texmf-dist/tex/latex/pdfpages/p
dfpages.sty
Package: pdfpages 2025/07/23 v0.6g Insert pages of external PDF documents (AM)

(/home/abolfazl/Documents/Programs/Texlive/2025/texmf-dist/tex/latex/tools/calc
.sty
Package: calc 2025/03/01 v4.3b Infix arithmetic (KKT,FJ)
\calc@Acount=\count375
\calc@Bcount=\count376
\calc@Adimen=\dimen321
\calc@Bdimen=\dimen322
\calc@Askip=\skip136
\calc@Bskip=\skip137
LaTeX Info: Redefining \setlength on input line 86.
LaTeX Info: Redefining \addtolength on input line 87.
\calc@Ccount=\count377
\calc@Cskip=\skip138
)
\AM@pagewidth=\dimen323
\AM@pageheight=\dimen324
\AM@fboxrule=\dimen325

(/home/abolfazl/Documents/Programs/Texlive/2025/texmf-dist/tex/latex/pdfpages/p
pxetex.def
File: ppxetex.def 2025/07/23 v0.6g Pdfpages driver for XeTeX (AM)
)
\pdfpages@includegraphics@status=\count378
\AM@pagebox=\box77
\AM@global@opts=\toks56
\AM@pagecnt=\count379
\AM@toc@title=\toks57
\AM@lof@heading=\toks58
\c@AM@survey=\count380
\AM@templatesizebox=\box78
)
(/home/abolfazl/Documents/Programs/Texlive/2025/texmf-dist/tex/latex/colortbl/c
olortbl.sty
Package: colortbl 2024/10/29 v1.0k Color table columns (DPC)

(/home/abolfazl/Documents/Programs/Texlive/2025/texmf-dist/tex/latex/tools/arra
y.sty
Package: array 2025/06/08 v2.6j Tabular extension package (FMi)
\col@sep=\dimen326
\ar@mcellbox=\box79
\extrarowheight=\dimen327
\NC@list=\toks59
\extratabsurround=\skip139
\backup@length=\skip140
\ar@cellbox=\box80
)
\everycr=\toks60
\minrowclearance=\skip141
\rownum=\count381
)
(/home/abolfazl/Documents/Programs/Texlive/2025/texmf-dist/tex/latex/wrapfig/wr
apfig.sty
\wrapoverhang=\dimen328
\WF@size=\dimen329
\c@WF@wrappedlines=\count382
\WF@box=\box81
\WF@everypar=\toks61
Package: wrapfig 2003/01/31  v 3.6
)
(/home/abolfazl/Documents/Programs/Texlive/2025/texmf-dist/tex/latex/lobster2/L
obsterTwo.sty
Package: LobsterTwo 2022/09/19 (Bob Tennent) Supports Lobster Two fonts for all
 LaTeX engines. 

(/home/abolfazl/Documents/Programs/Texlive/2025/texmf-dist/tex/generic/iftex/if
xetex.sty
Package: ifxetex 2019/10/25 v0.7 ifxetex legacy package. Use iftex instead.
)
(/home/abolfazl/Documents/Programs/Texlive/2025/texmf-dist/tex/generic/iftex/if
luatex.sty
Package: ifluatex 2019/10/25 v1.5 ifluatex legacy package. Use iftex instead.
)
(/home/abolfazl/Documents/Programs/Texlive/2025/texmf-dist/tex/latex/base/textc
omp.sty
Package: textcomp 2024/04/24 v2.1b Standard LaTeX package
)
(/home/abolfazl/Documents/Programs/Texlive/2025/texmf-dist/tex/latex/fontspec/f
ontspec.sty
Package: fontspec 2024/05/11 v2.9e Font selection for XeLaTeX and LuaLaTeX

(/home/abolfazl/Documents/Programs/Texlive/2025/texmf-dist/tex/latex/fontspec/f
ontspec-xetex.sty
Package: fontspec-xetex 2024/05/11 v2.9e Font selection for XeLaTeX and LuaLaTe
X
\l__fontspec_script_int=\count383
\l__fontspec_language_int=\count384
\l__fontspec_strnum_int=\count385
\l__fontspec_tmp_int=\count386
\l__fontspec_tmpa_int=\count387
\l__fontspec_tmpb_int=\count388
\l__fontspec_tmpc_int=\count389
\l__fontspec_em_int=\count390
\l__fontspec_emdef_int=\count391
\l__fontspec_strong_int=\count392
\l__fontspec_strongdef_int=\count393
\l__fontspec_tmpa_dim=\dimen330
\l__fontspec_tmpb_dim=\dimen331
\l__fontspec_tmpc_dim=\dimen332

(/home/abolfazl/Documents/Programs/Texlive/2025/texmf-dist/tex/latex/base/fonte
nc.sty
Package: fontenc 2024/12/21 v2.1c Standard LaTeX package
)
(/home/abolfazl/Documents/Programs/Texlive/2025/texmf-dist/tex/latex/fontspec/f
ontspec.cfg)))

Package fontspec Info: 
(fontspec)             LobsterTwo-Regular scale = 1.


Package fontspec Info: 
(fontspec)             LobsterTwo-Regular scale = 1.


Package fontspec Info: 
(fontspec)             LobsterTwo-Bold scale = 1.


Package fontspec Info: 
(fontspec)             LobsterTwo-Italic scale = 1.


Package fontspec Info: 
(fontspec)             LobsterTwo-BoldItalic scale = 1.


Package fontspec Info: 
(fontspec)             Font family 'LobsterTwo(0)' created for font
(fontspec)             'LobsterTwo' with options [Ligatures = TeX,Extension =
(fontspec)             .otf,Scale = 1,Ligatures=TeX,UprightFont =
(fontspec)             *-Regular,ItalicFont = *-Italic,BoldFont =
(fontspec)             *-Bold,BoldItalicFont = *-BoldItalic].
(fontspec)              
(fontspec)              This font family consists of the following NFSS
(fontspec)             series/shapes:
(fontspec)              
(fontspec)             - 'normal' (m/n) with NFSS spec.:
(fontspec)             <->s*[1]"[LobsterTwo-Regular.otf]/OT:script=latn;languag
e=dflt;mapping=tex-text;"
(fontspec)             - 'bold' (b/n) with NFSS spec.:
(fontspec)             <->s*[1]"[LobsterTwo-Bold.otf]/OT:script=latn;language=d
flt;mapping=tex-text;"
(fontspec)             - 'italic' (m/it) with NFSS spec.:
(fontspec)             <->s*[1]"[LobsterTwo-Italic.otf]/OT:script=latn;language
=dflt;mapping=tex-text;"
(fontspec)             - 'bold italic' (b/it) with NFSS spec.:
(fontspec)             <->s*[1]"[LobsterTwo-BoldItalic.otf]/OT:script=latn;lang
uage=dflt;mapping=tex-text;"

LaTeX Font Info:    Font shape `TU/LobsterTwo(0)/m/n' will be
(Font)              scaled to size 10.0pt on input line 42.

Package fontspec Info: 
(fontspec)             LobsterTwo-Regular scale = 1.


Package fontspec Info: 
(fontspec)             LobsterTwo-Regular scale = 1.


Package fontspec Info: 
(fontspec)             LobsterTwo-Bold scale = 1.


Package fontspec Info: 
(fontspec)             LobsterTwo-Italic scale = 1.


Package fontspec Info: 
(fontspec)             LobsterTwo-BoldItalic scale = 1.


Package fontspec Info: 
(fontspec)             Font family 'LobsterTwo(1)' created for font
(fontspec)             'LobsterTwo' with options [Ligatures = TeX,Extension =
(fontspec)             .otf,Scale = 1,UprightFont = *-Regular,ItalicFont =
(fontspec)             *-Italic,BoldFont = *-Bold,BoldItalicFont =
(fontspec)             *-BoldItalic].
(fontspec)              
(fontspec)              This font family consists of the following NFSS
(fontspec)             series/shapes:
(fontspec)              
(fontspec)             - 'normal' (m/n) with NFSS spec.:
(fontspec)             <->s*[1]"[LobsterTwo-Regular.otf]/OT:script=latn;languag
e=dflt;mapping=tex-text;"
(fontspec)             - 'bold' (b/n) with NFSS spec.:
(fontspec)             <->s*[1]"[LobsterTwo-Bold.otf]/OT:script=latn;language=d
flt;mapping=tex-text;"
(fontspec)             - 'italic' (m/it) with NFSS spec.:
(fontspec)             <->s*[1]"[LobsterTwo-Italic.otf]/OT:script=latn;language
=dflt;mapping=tex-text;"
(fontspec)             - 'bold italic' (b/it) with NFSS spec.:
(fontspec)             <->s*[1]"[LobsterTwo-BoldItalic.otf]/OT:script=latn;lang
uage=dflt;mapping=tex-text;"

)
(/home/abolfazl/Documents/Programs/Texlive/2025/texmf-dist/tex/latex/epigraph/e
pigraph.sty
Package: epigraph 2020/01/02 v1.5e typesetting epigraphs

(/home/abolfazl/Documents/Programs/Texlive/2025/texmf-dist/tex/latex/nextpage/n
extpage.sty
Package: nextpage 2009/09/03 v1.1a additional page commands
)
\beforeepigraphskip=\skip142
\afterepigraphskip=\skip143
\epigraphwidth=\skip144
\epigraphrule=\skip145
)
(/home/abolfazl/Documents/Programs/Texlive/2025/texmf-dist/tex/xelatex/bidihl/b
idihl.sty
Package: bidihl 2015/07/07 v0.1c Experimental bidi-aware text highlighting
\bidihl@line@thickness=\dimen333
\bidihl@pixel=\dimen334
\bidihl@height=\dimen335
\bidihl@depth=\dimen336
\bidihl@spacefactor=\count394
)
(/home/abolfazl/Documents/Programs/Texlive/2025/texmf-dist/tex/latex/fancyhdr/f
ancyhdr.sty
Package: fancyhdr 2025/02/07 v5.2 Extensive control of page headers and footers

\f@nch@headwidth=\skip146
\f@nch@offset@elh=\skip147
\f@nch@offset@erh=\skip148
\f@nch@offset@olh=\skip149
\f@nch@offset@orh=\skip150
\f@nch@offset@elf=\skip151
\f@nch@offset@erf=\skip152
\f@nch@offset@olf=\skip153
\f@nch@offset@orf=\skip154
\f@nch@height=\skip155
\f@nch@footalignment=\skip156
\f@nch@widthL=\skip157
\f@nch@widthC=\skip158
\f@nch@widthR=\skip159
\@temptokenb=\toks62
)
(/home/abolfazl/Documents/Programs/Texlive/2025/texmf-dist/tex/latex/listings/l
istings.sty
\lst@mode=\count395
\lst@gtempboxa=\box82
\lst@token=\toks63
\lst@length=\count396
\lst@currlwidth=\dimen337
\lst@column=\count397
\lst@pos=\count398
\lst@lostspace=\dimen338
\lst@width=\dimen339
\lst@newlines=\count399
\lst@lineno=\count400
\lst@maxwidth=\dimen340

(/home/abolfazl/Documents/Programs/Texlive/2025/texmf-dist/tex/latex/listings/l
stpatch.sty
File: lstpatch.sty 2024/09/23 1.10c (Carsten Heinz)
)
(/home/abolfazl/Documents/Programs/Texlive/2025/texmf-dist/tex/latex/listings/l
stmisc.sty
File: lstmisc.sty 2024/09/23 1.10c (Carsten Heinz)
\c@lstnumber=\count401
\lst@skipnumbers=\count402
\lst@framebox=\box83
)
(/home/abolfazl/Documents/Programs/Texlive/2025/texmf-dist/tex/latex/listings/l
istings.cfg
File: listings.cfg 2024/09/23 1.10c listings configuration
))
Package: listings 2024/09/23 1.10c (Carsten Heinz)

(/home/abolfazl/Documents/Programs/Texlive/2025/texmf-dist/tex/latex/base/makei
dx.sty
Package: makeidx 2021/10/04 v1.0m Standard LaTeX package
)
\@indexfile=\write4
\openout4 = `Thesis.idx'.


Writing index file Thesis.idx

(/home/abolfazl/Documents/Programs/Texlive/2025/texmf-dist/tex/latex/todonotes/
todonotes.sty
Package: todonotes 2024/01/05 v1.1.7 Todonotes source and documentation.
Package: todonotes 2024/01/05

(/home/abolfazl/Documents/Programs/Texlive/2025/texmf-dist/tex/generic/pgf/fron
tendlayer/tikz/libraries/tikzlibrarypositioning.code.tex
File: tikzlibrarypositioning.code.tex 2025-08-29 v3.1.11a (3.1.11a)
)
\c@@todonotes@numberoftodonotes=\count403
)
(/home/abolfazl/Documents/Programs/Texlive/2025/texmf-dist/tex/latex/hyperref/h
yperref.sty
Package: hyperref 2025-07-12 v7.01o Hypertext links for LaTeX

(/home/abolfazl/Documents/Programs/Texlive/2025/texmf-dist/tex/generic/pdfescap
e/pdfescape.sty
Package: pdfescape 2019/12/09 v1.15 Implements pdfTeX's escape features (HO)
)
(/home/abolfazl/Documents/Programs/Texlive/2025/texmf-dist/tex/latex/hycolor/hy
color.sty
Package: hycolor 2020-01-27 v1.10 Color options for hyperref/bookmark (HO)
)
(/home/abolfazl/Documents/Programs/Texlive/2025/texmf-dist/tex/latex/hyperref/n
ameref.sty
Package: nameref 2025-06-21 v2.57 Cross-referencing by name of section

(/home/abolfazl/Documents/Programs/Texlive/2025/texmf-dist/tex/latex/refcount/r
efcount.sty
Package: refcount 2019/12/15 v3.6 Data extraction from label references (HO)
)
(/home/abolfazl/Documents/Programs/Texlive/2025/texmf-dist/tex/generic/gettitle
string/gettitlestring.sty
Package: gettitlestring 2019/12/15 v1.6 Cleanup title references (HO)
)
\c@section@level=\count404
)
(/home/abolfazl/Documents/Programs/Texlive/2025/texmf-dist/tex/generic/stringen
c/stringenc.sty
Package: stringenc 2019/11/29 v1.12 Convert strings between diff. encodings (HO
)
)
\@linkdim=\dimen341
\Hy@linkcounter=\count405
\Hy@pagecounter=\count406

(/home/abolfazl/Documents/Programs/Texlive/2025/texmf-dist/tex/latex/hyperref/p
d1enc.def
File: pd1enc.def 2025-07-12 v7.01o Hyperref: PDFDocEncoding definition (HO)
)
(/home/abolfazl/Documents/Programs/Texlive/2025/texmf-dist/tex/generic/intcalc/
intcalc.sty
Package: intcalc 2019/12/15 v1.3 Expandable calculations with integers (HO)
)
\Hy@SavedSpaceFactor=\count407

(/home/abolfazl/Documents/Programs/Texlive/2025/texmf-dist/tex/latex/hyperref/p
uenc.def
File: puenc.def 2025-07-12 v7.01o Hyperref: PDF Unicode definition (HO)
)
Package hyperref Info: Hyper figures OFF on input line 4195.
Package hyperref Info: Link nesting OFF on input line 4200.
Package hyperref Info: Hyper index ON on input line 4203.
Package hyperref Info: Plain pages OFF on input line 4210.
Package hyperref Info: Backreferencing OFF on input line 4215.
Package hyperref Info: Implicit mode ON; LaTeX internals redefined.
Package hyperref Info: Bookmarks ON on input line 4462.
\c@Hy@tempcnt=\count408

(/home/abolfazl/Documents/Programs/Texlive/2025/texmf-dist/tex/latex/url/url.st
y
\Urlmuskip=\muskip18
Package: url 2013/09/16  ver 3.4  Verb mode for urls, etc.
)
LaTeX Info: Redefining \url on input line 4801.
\XeTeXLinkMargin=\dimen342

(/home/abolfazl/Documents/Programs/Texlive/2025/texmf-dist/tex/generic/bitset/b
itset.sty
Package: bitset 2019/12/09 v1.3 Handle bit-vector datatype (HO)

(/home/abolfazl/Documents/Programs/Texlive/2025/texmf-dist/tex/generic/bigintca
lc/bigintcalc.sty
Package: bigintcalc 2019/12/15 v1.5 Expandable calculations on big integers (HO
)
))
\Fld@menulength=\count409
\Field@Width=\dimen343
\Fld@charsize=\dimen344
Package hyperref Info: Hyper figures OFF on input line 6078.
Package hyperref Info: Link nesting OFF on input line 6083.
Package hyperref Info: Hyper index ON on input line 6086.
Package hyperref Info: backreferencing OFF on input line 6093.
Package hyperref Info: Link coloring OFF on input line 6098.
Package hyperref Info: Link coloring with OCG OFF on input line 6103.
Package hyperref Info: PDF/A mode OFF on input line 6108.
\Hy@abspage=\count410
\c@Item=\count411
\c@Hfootnote=\count412
)
Package hyperref Info: Driver (autodetected): hxetex.

(/home/abolfazl/Documents/Programs/Texlive/2025/texmf-dist/tex/latex/hyperref/h
xetex.def
File: hxetex.def 2025-07-12 v7.01o Hyperref driver for XeTeX
\pdfm@box=\box84
\c@Hy@AnnotLevel=\count413
\HyField@AnnotCount=\count414
\Fld@listcount=\count415
\c@bookmark@seq@number=\count416

(/home/abolfazl/Documents/Programs/Texlive/2025/texmf-dist/tex/latex/rerunfilec
heck/rerunfilecheck.sty
Package: rerunfilecheck 2025-06-21 v1.11 Rerun checks for auxiliary files (HO)

(/home/abolfazl/Documents/Programs/Texlive/2025/texmf-dist/tex/generic/uniqueco
unter/uniquecounter.sty
Package: uniquecounter 2019/12/15 v1.4 Provide unlimited unique counter (HO)
)
Package uniquecounter Info: New unique counter `rerunfilecheck' on input line 2
84.
)
\Hy@SectionHShift=\skip160
)
(/home/abolfazl/Documents/Programs/Texlive/2025/texmf-dist/tex/latex/glossaries
/base/glossaries.sty
Package: glossaries 2025/08/11 v4.8 (NLCT)

(/home/abolfazl/Documents/Programs/Texlive/2025/texmf-dist/tex/latex/mfirstuc/m
firstuc.sty
Package: mfirstuc 2025/04/03 v2.09 (NLCT)
\@glsmfirst=\toks64
\@glsmrest=\toks65
)
(/home/abolfazl/Documents/Programs/Texlive/2025/texmf-dist/tex/latex/xfor/xfor.
sty
Package: xfor 2009/02/05 v1.05 (NLCT)
)
(/home/abolfazl/Documents/Programs/Texlive/2025/texmf-dist/tex/latex/datatool/d
atatool-base.sty
Package: datatool-base 2025/04/25 v3.4.1 (NLCT)

(/home/abolfazl/Documents/Programs/Texlive/2025/texmf-dist/tex/latex/tracklang/
tracklang.sty
Package: tracklang 2025/03/11 v1.6.6 (NLCT) Track Languages

(/home/abolfazl/Documents/Programs/Texlive/2025/texmf-dist/tex/generic/tracklan
g/tracklang.tex))
(/home/abolfazl/Documents/Programs/Texlive/2025/texmf-dist/tex/latex/datatool/d
atatool-l3fp.def
File: datatool-l3fp.def 2025/04/25 v3.4.1 (NLCT)
)
\@dtl@toks=\toks66
\@dtl@tmpcount=\count417
\dtl@tmplength=\skip161
\l__datatool_measure_box=\box85
\dtl@sortresult=\count418

(/home/abolfazl/Documents/Programs/Texlive/2025/texmf-dist/tex/latex/datatool/d
atatool-utf8.ldf
File: datatool-utf8.ldf 2025/04/25 v3.4.1 (NLCT)
)
\@dtl@datatype=\count419
\l__datatool_tmpa_int=\count420
\l__datatool_tmpb_int=\count421
\l__datatool_tmpc_int=\count422
\l__datatool_tmpd_int=\count423
\l__datatool_count_int=\count424
\l__datatool_tmp_datatype_int=\count425
\l__datatool_tmpa_dim=\dimen345
\l__datatool_tmpb_dim=\dimen346
\c_datatool_unknown_int=\count426
\l__datatool_year_int=\count427
\l__datatool_month_int=\count428
\l__datatool_day_int=\count429
\l__datatool_hour_int=\count430
\l__datatool_minute_int=\count431
\l__datatool_second_int=\count432
\l__datatool_tzhour_int=\count433
\l__datatool_tzminute_int=\count434
\l__datatool_julian_int=\count435
\l__datatool_local_julian_int=\count436
\l__datatool_prefix_int=\count437
\l__datatool_suffix_int=\count438
\@dtl@foreach@level=\count439
\dtl@codeA=\count440
\dtl@codeB=\count441
)
\gls@level=\count442
\@gls@tmpb=\toks67
\gls@tmplen=\skip162
\l__glossaries_tmpa_dim=\dimen347
\l__glossaries_tmpb_dim=\dimen348
\glskeylisttok=\toks68
\glslabeltok=\toks69
\glsshorttok=\toks70
\glslongtok=\toks71

(/home/abolfazl/Documents/Programs/Texlive/2025/texmf-dist/tex/latex/glossaries
/styles/glossary-hypernav.sty
Package: glossary-hypernav 2025/08/11 v4.8 (NLCT)
)
(/home/abolfazl/Documents/Programs/Texlive/2025/texmf-dist/tex/latex/glossaries
/styles/glossary-list.sty
Package: glossary-list 2025/08/11 v4.8 (NLCT)
\glslistdottedwidth=\skip163
)
(/home/abolfazl/Documents/Programs/Texlive/2025/texmf-dist/tex/latex/glossaries
/styles/glossary-long.sty
Package: glossary-long 2025/08/11 v4.8 (NLCT)

(/home/abolfazl/Documents/Programs/Texlive/2025/texmf-dist/tex/latex/tools/long
table.sty
Package: longtable 2024-12-18 v4.23 Multi-page Table package (DPC)
\LTleft=\skip164
\LTright=\skip165
\LTpre=\skip166
\LTpost=\skip167
\LTchunksize=\count443
\LTcapwidth=\dimen349
\LT@head=\box86
\LT@firsthead=\box87
\LT@foot=\box88
\LT@lastfoot=\box89
\LT@gbox=\box90
\LT@cols=\count444
\LT@rows=\count445
\c@LT@tables=\count446
\c@LT@chunks=\count447
\LT@p@ftn=\toks72
)
\glsdescwidth=\skip168
\glspagelistwidth=\skip169
)
(/home/abolfazl/Documents/Programs/Texlive/2025/texmf-dist/tex/latex/glossaries
/styles/glossary-super.sty
Package: glossary-super 2025/08/11 v4.8 (NLCT)

(/home/abolfazl/Documents/Programs/Texlive/2025/texmf-dist/tex/latex/supertabul
ar/supertabular.sty
Package: supertabular 2024/07/20 v4.2c the supertabular environment
\c@tracingst=\count448
\ST@wd=\dimen350
\ST@rightskip=\skip170
\ST@leftskip=\skip171
\ST@parfillskip=\skip172
\ST@pageleft=\dimen351
\ST@headht=\dimen352
\ST@tailht=\dimen353
\ST@pagesofar=\dimen354
\ST@pboxht=\dimen355
\ST@rowht=\dimen356
\ST@prevht=\dimen357
\ST@toadd=\dimen358
\ST@dimen=\dimen359
\ST@pbox=\box91
))
(/home/abolfazl/Documents/Programs/Texlive/2025/texmf-dist/tex/latex/glossaries
/styles/glossary-tree.sty
Package: glossary-tree 2025/08/11 v4.8 (NLCT)
\l__glossaries_tree_max_known_level_int=\count449
\l__glossaries_tree_offset_dim=\dimen360
\l__glossaries_tree_namewidth_dim=\dimen361
\l__glossaries_tree_symbolwidth_dim=\dimen362
\l__glossaries_tree_prenamesym_width_dim=\dimen363
\l__glossaries_tree_presubnamesym_width_dim=\dimen364
\l__glossaries_tree_namewidth_padding_dim=\dimen365
\l__glossaries_tree_symbolwidth_padding_dim=\dimen366
\l__glossaries_tree_namesymbolwidth_dim=\dimen367
\l__glossaries_tree_namesymbolwidth_padding_dim=\dimen368
\l__glossaries_tree_level_int=\count450
\glstreeindent=\skip173
)))
(/home/abolfazl/Documents/Programs/Texlive/2025/texmf-dist/tex/latex/xepersian/
xepersian.sty
Package: xepersian 2025/09/08 v25.09.08 (Release Iran) Persian typesetting in X
eLaTeX

****************************************************
* 
* xepersian package (Persian for LaTeX format in XeTeX and LuaTeX engines)
* 
* Description: A convenient interface for typesetting Persian and
English documents with LaTeX format in XeTeX and LuaTeX engines.
* 
* Copyright (c) 2008--2025 Vafa Khalighi
* Copyright (c) 2018--2020 bidi-tex GitHub Organization
* 
* v25.09.08 (Release Iran), 2025/09/08
* 
* License: LaTeX Project Public License, version
* 1.3c or higher (your choice)
* 
* Location on CTAN: /macros/unicodetex/latex/xepersian
* 
* Issue tracker: https://github.com/xepersian/xepersian/issues
* 
* Primary author of xepersian package: Vafa Khalighi.
* 
****************************************************

(/home/abolfazl/Documents/Programs/Texlive/2025/texmf-dist/tex/latex/xepersian/
unicode-persiancal.sty
Package: unicode-persiancal 2025/01/01 v0.3 Unicode Persian calendar
\XePersian@i=\count451
\XePersian@y=\count452
\XePersian@m=\count453
\XePersian@d=\count454
\XePersian@latini=\count455
\XePersian@persiani=\count456
\XePersian@latinii=\count457
\XePersian@persianii=\count458
\XePersian@latiniii=\count459
\XePersian@persianiii=\count460
\XePersian@latiniv=\count461
\XePersian@persianiv=\count462
\XePersian@latinv=\count463
\XePersian@persianv=\count464
\XePersian@latinvi=\count465
\XePersian@persianvi=\count466
\XePersian@latinvii=\count467
\XePersian@persianvii=\count468
\XePersian@latinviii=\count469
\XePersian@persianviii=\count470
\XePersian@latinix=\count471
\XePersian@persianix=\count472
\XePersian@latinx=\count473
\XePersian@persianx=\count474
\XePersian@latinxi=\count475
\XePersian@persianxi=\count476
\XePersian@latinxii=\count477
\XePersian@persianxii=\count478
\XePersian@persianxiii=\count479
\XePersian@temp=\count480
\XePersian@temptwo=\count481
\XePersian@tempthree=\count482
\XePersian@yModHundred=\count483
\XePersian@thirtytwo=\count484
\XePersian@dn=\count485
\XePersian@sn=\count486
\XePersian@mminusone=\count487
)
(/home/abolfazl/Documents/Programs/Texlive/2025/texmf-dist/tex/latex/xepersian/
unicode-persianmath.sty
Package: unicode-persianmath 2025/09/03 v1.2.4 Unicode Persian math
)
(/home/abolfazl/Documents/Programs/Texlive/2025/texmf-dist/tex/latex/bidi/bidi.
sty
Package: bidi 2025/09/22 v25.09.22 (Release Iran) Bidirectional typesetting in 
plain TeX and LaTeX

****************************************************
* 
* bidi package (Bidirectional typesetting with
* plain TeX and LaTeX formats in XeTeX and LuaTeX engines)
* 
* Description: A convenient interface for
* typesetting bidirectional texts in plain TeX
* and LaTeX. The package includes adaptations
* for use with many other commonly-used packages.
* 
* Copyright (c) 2007--2025 Vafa Khalighi
* Copyright (c) 2018--2020 bidi-tex GitHub organization
* 
* v25.09.22 (Release Iran), 2025/09/22
* 
* License: LaTeX Project Public License, version
* 1.3c or higher (your choice)
* 
* Location on CTAN: /macros/unicodetex/generic/bidi
* 
* Issue tracker: https://github.com/xepersian/bidi/issues
* 
* Primary author of bidi package: Vafa Khalighi.
* 
****************************************************
\@bidi@copyins@=\insert252
\bidi@typesethour=\count488
\bidi@typesetminute=\count489

(/home/abolfazl/Documents/Programs/Texlive/2025/texmf-dist/tex/latex/bidi/latex
-xetex-bidi.def
File: latex-xetex-bidi.def 2025/09/20 v1.5.3 bidi adaptations for `latex.ltx' f
or XeTeX engine
\bidi@n@everypar=\toks73
LaTeX Info: Redefining \centerline on input line 316.
LaTeX Info: Redefining \leftline on input line 325.
LaTeX Info: Redefining \rightline on input line 326.
LaTeX Info: Redefining \underline on input line 334.
\bidi@column@check@number=\count490

(/home/abolfazl/Documents/Programs/Texlive/2025/texmf-dist/tex/latex/bidi/footn
ote-xetex-bidi.def
File: footnote-xetex-bidi.def 2025/09/20 v1.4 bidi footnote macros for XeTeX en
gine
\c@footdir@label=\count491
\footdir@toks=\toks74
)
(/home/abolfazl/Documents/Programs/Texlive/2025/texmf-dist/tex/latex/bidi/amsma
th-xetex-bidi.def
File: amsmath-xetex-bidi.def 2020/05/16 v1.2 bidi adaptations for amsmath packa
ge for XeTeX engine
)
(/home/abolfazl/Documents/Programs/Texlive/2025/texmf-dist/tex/latex/bidi/amste
xt-xetex-bidi.def
File: amstext-xetex-bidi.def 2016/09/12 v0.2 bidi adaptations for amstext packa
ge for XeTeX engine
)
(/home/abolfazl/Documents/Programs/Texlive/2025/texmf-dist/tex/latex/bidi/amsth
m-xetex-bidi.def
File: amsthm-xetex-bidi.def 2010/07/25 v0.1 bidi adaptations for amsthm package
 for XeTeX engine
)
(/home/abolfazl/Documents/Programs/Texlive/2025/texmf-dist/tex/latex/bidi/array
-xetex-bidi.def
File: array-xetex-bidi.def 2025/09/11 v0.7 bidi adaptations for array package f
or XeTeX engine
)
(/home/abolfazl/Documents/Programs/Texlive/2025/texmf-dist/tex/latex/bidi/capti
on-xetex-bidi.def
File: caption-xetex-bidi.def 2010/07/25 v0.1 bidi adaptations for caption packa
ge for XeTeX engine
)
(/home/abolfazl/Documents/Programs/Texlive/2025/texmf-dist/tex/latex/bidi/capti
on3-xetex-bidi.def
File: caption3-xetex-bidi.def 2013/04/01 v0.1 bidi adaptations for caption3 pac
kage for XeTeX engine
)
(/home/abolfazl/Documents/Programs/Texlive/2025/texmf-dist/tex/latex/bidi/color
-xetex-bidi.def
File: color-xetex-bidi.def 2013/04/08 v0.2 bidi adaptations for color package f
or XeTeX engine
LaTeX Info: Redefining \color on input line 49.
)
(/home/abolfazl/Documents/Programs/Texlive/2025/texmf-dist/tex/latex/bidi/color
tbl-xetex-bidi.def
File: colortbl-xetex-bidi.def 2012/06/10 v0.2 bidi adaptations for colortbl pac
kage for XeTeX engine
)
(/home/abolfazl/Documents/Programs/Texlive/2025/texmf-dist/tex/latex/bidi/eso-p
ic-xetex-bidi.def
File: eso-pic-xetex-bidi.def 2022/02/18 v0.4 bidi adaptations for eso-pic packa
ge for XeTeX engine
)
(/home/abolfazl/Documents/Programs/Texlive/2025/texmf-dist/tex/latex/bidi/fancy
hdr-xetex-bidi.def
File: fancyhdr-xetex-bidi.def 2025/09/03 v1.0 bidi adaptations for fancyhdr pac
kage for XeTeX engine
)
(/home/abolfazl/Documents/Programs/Texlive/2025/texmf-dist/tex/latex/bidi/float
-xetex-bidi.def
File: float-xetex-bidi.def 2013/04/04 v0.2 bidi adaptations for float package f
or XeTeX engine
)
(/home/abolfazl/Documents/Programs/Texlive/2025/texmf-dist/tex/latex/bidi/frame
d-xetex-bidi.def
File: framed-xetex-bidi.def 2012/06/05 v0.3 bidi adaptations for framed package
 for XeTeX engine
)
(/home/abolfazl/Documents/Programs/Texlive/2025/texmf-dist/tex/latex/bidi/geome
try-xetex-bidi.def
File: geometry-xetex-bidi.def 2017/01/14 v0.2 bidi adaptations for geometry pac
kage for XeTeX engine
)
(/home/abolfazl/Documents/Programs/Texlive/2025/texmf-dist/tex/latex/bidi/graph
icx-xetex-bidi.def
File: graphicx-xetex-bidi.def 2017/06/17 v0.5 bidi adaptations for graphicx pac
kage for XeTeX engine
)
(/home/abolfazl/Documents/Programs/Texlive/2025/texmf-dist/tex/latex/bidi/hyper
ref-xetex-bidi.def
File: hyperref-xetex-bidi.def 2025/01/05 v1.4 bidi adaptations for hyperref pac
kage for XeTeX engine
)
(/home/abolfazl/Documents/Programs/Texlive/2025/texmf-dist/tex/latex/bidi/listi
ngs-xetex-bidi.def
File: listings-xetex-bidi.def 2025/01/03 v1.6 bidi adaptations for listings pac
kage for XeTeX engine
)
(/home/abolfazl/Documents/Programs/Texlive/2025/texmf-dist/tex/latex/bidi/longt
able-xetex-bidi.def
File: longtable-xetex-bidi.def 2025/01/05 v0.8 bidi adaptations for longtable p
ackage for XeTeX engine
)
(/home/abolfazl/Documents/Programs/Texlive/2025/texmf-dist/tex/latex/bidi/mdfra
med-xetex-bidi.def
File: mdframed-xetex-bidi.def 2013/09/22 v0.4 bidi adaptations for mdframed pac
kage for XeTeX engine
)
(/home/abolfazl/Documents/Programs/Texlive/2025/texmf-dist/tex/latex/bidi/pgfsy
s-xetex-bidi.def
File: pgfsys-xetex-bidi.def 2025/01/05 v0.1 bidi adaptations for pgfsys package
 for XeTeX engine
)
(/home/abolfazl/Documents/Programs/Texlive/2025/texmf-dist/tex/latex/bidi/rotat
ing-xetex-bidi.def
File: rotating-xetex-bidi.def 2013/05/22 v0.2 bidi adaptations for rotating pac
kage for XeTeX engine
)
(/home/abolfazl/Documents/Programs/Texlive/2025/texmf-dist/tex/latex/bidi/title
sec-xetex-bidi.def
File: titlesec-xetex-bidi.def 2010/07/25 v0.1 bidi adaptations for titlesec pac
kage for XeTeX engine
)
(/home/abolfazl/Documents/Programs/Texlive/2025/texmf-dist/tex/latex/bidi/todon
otes-xetex-bidi.def
File: todonotes-xetex-bidi.def 2016/11/08 v0.4 bidi adaptations for todonotes p
ackage for XeTeX engine
)
(/home/abolfazl/Documents/Programs/Texlive/2025/texmf-dist/tex/latex/bidi/wrapf
ig-xetex-bidi.def
File: wrapfig-xetex-bidi.def 2014/04/23 v0.3 bidi adaptations for wrapfig packa
ge for XeTeX engine
)
(/home/abolfazl/Documents/Programs/Texlive/2025/texmf-dist/tex/latex/bidi/xcolo
r-xetex-bidi.def
File: xcolor-xetex-bidi.def 2022/06/13 v0.3 bidi adaptations for xcolor package
 for XeTeX engine
LaTeX Info: Redefining \color on input line 48.
LaTeX Info: Redefining \bidicolor on input line 91.
)
(/home/abolfazl/Documents/Programs/Texlive/2025/texmf-dist/tex/latex/bidi/pgfco
rescopes.code-xetex-bidi.def
File: pgfcorescopes.code-xetex-bidi.def 2015/11/14 v0.1 bidi adaptations for pg
f package for XeTeX engine
)
(/home/abolfazl/Documents/Programs/Texlive/2025/texmf-dist/tex/latex/bidi/tc-xe
tex-xetex-bidi.def
File: tc-xetex-xetex-bidi.def 2014/07/08 v0.1 bidi adaptations for Clipping dri
ver for XeTeX engine
))
(/home/abolfazl/Documents/Programs/Texlive/2025/texmf-dist/tex/latex/bidi/extra
footnotefeatures-xetex-bidi.def
File: extrafootnotefeatures-xetex-bidi.def 2025/09/13 v2.8 bidi extra footnote 
features for XeTeX engine
\bidi@columnwidth=\dimen369
\footmarkwidth=\skip174
\footinsdim=\skip175
\footinsv@r=\insert251
\footinsv@l=\insert250
\@mpfootinsv@r=\insert249
\@mpfootinsv@l=\insert248
\m@m@k=\count492
\m@m@h=\dimen370
\m@mipn@skip=\skip176
LaTeX Font Info:    Font shape `TU/LobsterTwo(0)/m/n' will be
(Font)              scaled to size 8.0pt on input line 1717.
)
\bidi@digits=\count493
\bidi@digits@charclass=\XeTeXcharclass1
\bidi@sepmark@charclass=\XeTeXcharclass2
)
\xepersian@tcl=\count494
\xepersian@ilg=\dimen371
\xepersian@strutilg=\dimen372

(/home/abolfazl/Documents/Programs/Texlive/2025/texmf-dist/tex/latex/xepersian/
footnote-xetex-bidi-xetex-xepersian.def
File: footnote-xetex-bidi-xetex-xepersian.def 2017/08/09 v0.6 xepersian adaptat
ions for footnotes for XeTeX engine
)
(/home/abolfazl/Documents/Programs/Texlive/2025/texmf-dist/tex/latex/xepersian/
extrafootnotefeatures-xetex-bidi-xetex-xepersian.def
File: extrafootnotefeatures-xetex-bidi-xetex-xepersian.def 2012/01/01 v0.2 xepe
rsian adaptations for extrafootnotefeatures option for XeTeX engine
)
(/home/abolfazl/Documents/Programs/Texlive/2025/texmf-dist/tex/latex/xepersian/
report-xetex-xepersian.def
File: report-xetex-xepersian.def 2010/07/25 v0.2 xepersian adaptations for repo
rt class for XeTeX engine
)
(/home/abolfazl/Documents/Programs/Texlive/2025/texmf-dist/tex/latex/xepersian/
algorithm-xetex-xepersian.def
File: algorithm-xetex-xepersian.def 2010/07/25 v0.2 xepersian adaptations for a
lgorithm package for XeTeX engine
)
(/home/abolfazl/Documents/Programs/Texlive/2025/texmf-dist/tex/latex/xepersian/
algorithmic-xetex-xepersian.def
File: algorithmic-xetex-xepersian.def 2010/07/25 v0.2 xepersian adaptations for
 algorithmic package for XeTeX engine
)
(/home/abolfazl/Documents/Programs/Texlive/2025/texmf-dist/tex/latex/xepersian/
framed-xetex-xepersian.def
File: framed-xetex-xepersian.def 2012/06/05 v0.1 xepersian adaptations for fram
ed package for XeTeX engine
)
(/home/abolfazl/Documents/Programs/Texlive/2025/texmf-dist/tex/latex/xepersian/
glossaries-xetex-xepersian.def
File: glossaries-xetex-xepersian.def 2014/09/04 v0.4 xepersian adaptations for 
glossaries package for XeTeX engine


Package glossaries Warning: \glsaddprotectedpagefmt has no effect with esclocat
ions=false on input line 41.


Package glossaries Warning: \glsaddprotectedpagefmt has no effect with esclocat
ions=false on input line 42.


Package glossaries Warning: \glsaddprotectedpagefmt has no effect with esclocat
ions=false on input line 43.

)
(/home/abolfazl/Documents/Programs/Texlive/2025/texmf-dist/tex/latex/xepersian/
hyperref-xetex-xepersian.def
File: hyperref-xetex-xepersian.def 2022/10/30 v0.8 xepersian adaptations for hy
perref package for XeTeX engine
)
(/home/abolfazl/Documents/Programs/Texlive/2025/texmf-dist/tex/latex/xepersian/
listings-xetex-xepersian.def
File: listings-xetex-xepersian.def 2014/07/17 v0.3 xepersian adaptations for li
stings package for XeTeX engine
)
(/home/abolfazl/Documents/Programs/Texlive/2025/texmf-dist/tex/latex/xepersian/
url-xetex-xepersian.def
File: url-xetex-xepersian.def 2025/09/03 v0.2 xepersian adaptations for url pac
kage for XeTeX engine
)
\xepersian@toks=\toks75
)

Package fontspec Info: 
(fontspec)             Font family 'lmroman10-regular(0)' created for font
(fontspec)             'lmroman10-regular' with options
(fontspec)             [Ligatures=TeX,Path,BoldFont={lmroman10-bold},BoldItalic
Font={lmroman10-bolditalic},ItalicFont={lmroman10-italic},SmallCapsFont={lmroma
ncaps10-regular},SlantedFont={lmromanslant10-regular},BoldSlantedFont={lmromans
lant10-bold}].
(fontspec)              
(fontspec)              This font family consists of the following NFSS
(fontspec)             series/shapes:
(fontspec)              
(fontspec)             - 'normal' (m/n) with NFSS spec.:
(fontspec)             <->"[lmroman10-regular]/OT:script=latn;language=dflt;map
ping=tex-text;"
(fontspec)             - 'small caps'  (m/sc) with NFSS spec.:
(fontspec)             <->"[lmromancaps10-regular]/OT:script=latn;language=dflt
;mapping=tex-text;"
(fontspec)             - 'bold' (b/n) with NFSS spec.:
(fontspec)             <->"[lmroman10-bold]/OT:script=latn;language=dflt;mappin
g=tex-text;"
(fontspec)             - 'bold small caps'  (b/sc) with NFSS spec.:
(fontspec)             <->"[lmromancaps10-regular]/OT:script=latn;language=dflt
;mapping=tex-text;"
(fontspec)             - 'italic' (m/it) with NFSS spec.:
(fontspec)             <->"[lmroman10-italic]/OT:script=latn;language=dflt;mapp
ing=tex-text;"
(fontspec)             - 'italic small caps'  (m/scit) with NFSS spec.:
(fontspec)             <->"[lmromancaps10-regular]/OT:script=latn;language=dflt
;mapping=tex-text;"
(fontspec)             - 'slanted' (m/sl) with NFSS spec.:
(fontspec)             <->"[lmromanslant10-regular]/OT:script=latn;language=dfl
t;mapping=tex-text;"
(fontspec)             - 'slanted small caps'  (m/scsl) with NFSS spec.:
(fontspec)             <->"[lmromancaps10-regular]/OT:script=latn;language=dflt
;mapping=tex-text;"
(fontspec)             - 'bold italic' (b/it) with NFSS spec.:
(fontspec)             <->"[lmroman10-bolditalic]/OT:script=latn;language=dflt;
mapping=tex-text;"
(fontspec)             - 'bold italic small caps'  (b/scit) with NFSS spec.:
(fontspec)             <->"[lmromancaps10-regular]/OT:script=latn;language=dflt
;mapping=tex-text;"
(fontspec)             - 'bold slanted' (b/sl) with NFSS spec.:
(fontspec)             <->"[lmromanslant10-bold]/OT:script=latn;language=dflt;m
apping=tex-text;"
(fontspec)             - 'bold slanted small caps'  (b/scsl) with NFSS spec.:
(fontspec)             <->"[lmromancaps10-regular]/OT:script=latn;language=dflt
;mapping=tex-text;"

 (../../../Boostan/tex/src/Boostan-BasicCommand.tex
LaTeX Info: Redefining \min on input line 45.
)
(../../../Boostan/tex/src/Boostan-PackageSettings.tex
(../../../Boostan/tex/src/Boostan-Listings-settings.tex)
Package hyperref Info: Option `pdfmenubar' set `false' on input line 55.
Package hyperref Info: Option `pdftoolbar' set `true' on input line 55.
Package hyperref Info: Option `colorlinks' set `true' on input line 55.
Package hyperref Info: Option `unicode' set `true' on input line 55.

Package fontspec Info: 
(fontspec)             IRNazanin scale = 1.25.


Package fontspec Info: 
(fontspec)             IRNazanin scale = 1.25.


Package fontspec Info: 
(fontspec)             IRNazanin/B scale = 1.25.


Package fontspec Info: 
(fontspec)             IRNazanin/I scale = 1.25.


Package fontspec Info: 
(fontspec)             IRNazanin/BI scale = 1.25.


Package fontspec Info: 
(fontspec)             Font family 'IRNazanin(0)' created for font 'IRNazanin'
(fontspec)             with options
(fontspec)             [RawFeature={script=arab},Ligatures=PersianTeX,Scale=1.2
5].
(fontspec)              
(fontspec)              This font family consists of the following NFSS
(fontspec)             series/shapes:
(fontspec)              
(fontspec)             - 'normal' (m/n) with NFSS spec.:
(fontspec)             <->s*[1.25]"IRNazanin/OT:language=dflt;script=arab;mappi
ng=persian-tex-text;"
(fontspec)             - 'bold' (b/n) with NFSS spec.:
(fontspec)             <->s*[1.25]"IRNazanin/B/OT:language=dflt;script=arab;map
ping=persian-tex-text;"
(fontspec)             - 'italic' (m/it) with NFSS spec.:
(fontspec)             <->s*[1.25]"IRNazanin/I/OT:language=dflt;script=arab;map
ping=persian-tex-text;"
(fontspec)             - 'bold italic' (b/it) with NFSS spec.:
(fontspec)             <->s*[1.25]"IRNazanin/BI/OT:language=dflt;script=arab;ma
pping=persian-tex-text;"

LaTeX Font Info:    Font shape `TU/IRNazanin(0)/m/n' will be
(Font)              scaled to size 12.5pt on input line 141.

Package fontspec Info: 
(fontspec)             Linux Libertine scale = 1.1.


Package fontspec Info: 
(fontspec)             Linux Libertine scale = 1.1.


Package fontspec Info: 
(fontspec)             Linux Libertine scale = 1.1.


Package fontspec Info: 
(fontspec)             Linux Libertine/B scale = 1.1.


Package fontspec Info: 
(fontspec)             Linux Libertine/B scale = 1.1.


Package fontspec Info: 
(fontspec)             Linux Libertine/I scale = 1.1.


Package fontspec Info: 
(fontspec)             Linux Libertine/I scale = 1.1.


Package fontspec Info: 
(fontspec)             Linux Libertine/BI scale = 1.1.


Package fontspec Info: 
(fontspec)             Font family 'LinuxLibertine(0)' created for font 'Linux
(fontspec)             Libertine' with options [Ligatures=TeX,Scale=1.1].
(fontspec)              
(fontspec)              This font family consists of the following NFSS
(fontspec)             series/shapes:
(fontspec)              
(fontspec)             - 'normal' (m/n) with NFSS spec.: <->s*[1.1]"Linux
(fontspec)             Libertine/OT:script=latn;language=dflt;mapping=tex-text;
"
(fontspec)             - 'small caps'  (m/sc) with NFSS spec.:
(fontspec)             <->s*[1.1]"Linux
(fontspec)             Libertine/OT:script=latn;language=dflt;+smcp;mapping=tex
-text;"
(fontspec)             - 'bold' (b/n) with NFSS spec.: <->s*[1.1]"Linux
(fontspec)             Libertine/B/OT:script=latn;language=dflt;mapping=tex-tex
t;"
(fontspec)             - 'bold small caps'  (b/sc) with NFSS spec.:
(fontspec)             <->s*[1.1]"Linux
(fontspec)             Libertine/B/OT:script=latn;language=dflt;+smcp;mapping=t
ex-text;"
(fontspec)             - 'italic' (m/it) with NFSS spec.: <->s*[1.1]"Linux
(fontspec)             Libertine/I/OT:script=latn;language=dflt;mapping=tex-tex
t;"
(fontspec)             - 'italic small caps'  (m/scit) with NFSS spec.:
(fontspec)             <->s*[1.1]"Linux
(fontspec)             Libertine/I/OT:script=latn;language=dflt;+smcp;mapping=t
ex-text;"
(fontspec)             - 'bold italic' (b/it) with NFSS spec.:
(fontspec)             <->s*[1.1]"Linux
(fontspec)             Libertine/BI/OT:script=latn;language=dflt;mapping=tex-te
xt;"

LaTeX Info: Redefining \latinfont on input line 142.
)
(../../../Boostan/tex/src/Boostan-Environments.tex
\c@theorem=\count495
\c@principle=\count496
\c@proposition=\count497
\c@lemma=\count498
\c@definition=\count499
\c@example=\count500
\c@prob=\count501
\c@corollary=\count502
\c@property=\count503
\c@remark=\count504
\errorsize=\dimen373
\mybox=\box92
\c@problemcount=\count505
\c@ntcounter=\count506
)
(../../../Boostan/tex/src/Boostan-ChapterStyle.tex)
(../../../Boostan/tex/src/Boostan-TitleStyle.tex

Package fontspec Info: 
(fontspec)             Besmellah 2 scale = 50.


Package fontspec Info: 
(fontspec)             Could not resolve font "Besmellah 2/BI" (it probably
(fontspec)             doesn't exist).


Package fontspec Info: 
(fontspec)             Could not resolve font "Besmellah 2/B" (it probably
(fontspec)             doesn't exist).


Package fontspec Info: 
(fontspec)             Could not resolve font "Besmellah 2/I" (it probably
(fontspec)             doesn't exist).


Package fontspec Info: 
(fontspec)             Besmellah 2 scale = 50.


Package fontspec Info: 
(fontspec)             Font family 'Besmellah2(0)' created for font 'Besmellah
(fontspec)             2' with options [Ligatures=TeX,Scale=50].
(fontspec)              
(fontspec)              This font family consists of the following NFSS
(fontspec)             series/shapes:
(fontspec)              
(fontspec)             - 'normal' (m/n) with NFSS spec.: <->s*[50]"Besmellah
(fontspec)             2/OT:language=dflt;mapping=tex-text;"


Package fontspec Info: 
(fontspec)             IRTitr scale = 2.4.


Package fontspec Info: 
(fontspec)             Could not resolve font "IRTitr/BI" (it probably doesn't
(fontspec)             exist).


Package fontspec Info: 
(fontspec)             Could not resolve font "IRTitr/B" (it probably doesn't
(fontspec)             exist).


Package fontspec Info: 
(fontspec)             Could not resolve font "IRTitr/I" (it probably doesn't
(fontspec)             exist).


Package fontspec Info: 
(fontspec)             IRTitr scale = 2.4.


Package fontspec Info: 
(fontspec)             Font family 'IRTitr(0)' created for font 'IRTitr' with
(fontspec)             options
(fontspec)             [RawFeature={script=arab},Ligatures=PersianTeX,Scale=2.4
].
(fontspec)              
(fontspec)              This font family consists of the following NFSS
(fontspec)             series/shapes:
(fontspec)              
(fontspec)             - 'normal' (m/n) with NFSS spec.:
(fontspec)             <->s*[2.4]"IRTitr/OT:language=dflt;script=arab;mapping=p
ersian-tex-text;"


Package fontspec Info: 
(fontspec)             IRTitr scale = 2.3.


Package fontspec Info: 
(fontspec)             Could not resolve font "IRTitr/BI" (it probably doesn't
(fontspec)             exist).


Package fontspec Info: 
(fontspec)             Could not resolve font "IRTitr/B" (it probably doesn't
(fontspec)             exist).


Package fontspec Info: 
(fontspec)             Could not resolve font "IRTitr/I" (it probably doesn't
(fontspec)             exist).


Package fontspec Info: 
(fontspec)             IRTitr scale = 2.3.


Package fontspec Info: 
(fontspec)             Font family 'IRTitr(1)' created for font 'IRTitr' with
(fontspec)             options
(fontspec)             [RawFeature={script=arab},Ligatures=PersianTeX,Scale=2.3
].
(fontspec)              
(fontspec)              This font family consists of the following NFSS
(fontspec)             series/shapes:
(fontspec)              
(fontspec)             - 'normal' (m/n) with NFSS spec.:
(fontspec)             <->s*[2.3]"IRTitr/OT:language=dflt;script=arab;mapping=p
ersian-tex-text;"

)
(../../../Boostan/tex/src/Boostan-Gloss.tex
\glswrite=\write5
\glo@main@file=\write6
\openout6 = `Thesis.glo'.

Package glossaries Info: Writing glossary file Thesis.glo on input line 14.
\glo@acronym@file=\write7
\openout7 = `Thesis.acn'.

Package glossaries Info: Writing glossary file Thesis.acn on input line 14.
\glo@english@file=\write8
\openout8 = `Thesis.glo'.

Package glossaries Info: Writing glossary file Thesis.glo on input line 14.
\glo@persian@file=\write9
\openout9 = `Thesis.blo'.

Package glossaries Info: Writing glossary file Thesis.blo on input line 14.
)
Suceeded
\lofthumbsize=\skip177

(/home/abolfazl/Documents/Programs/Texlive/2025/texmf-dist/tex/generic/pgf/fron
tendlayer/tikz/libraries/tikzlibraryshadows.code.tex
File: tikzlibraryshadows.code.tex 2025-08-29 v3.1.11a (3.1.11a)

(/home/abolfazl/Documents/Programs/Texlive/2025/texmf-dist/tex/generic/pgf/fron
tendlayer/tikz/libraries/tikzlibraryfadings.code.tex
File: tikzlibraryfadings.code.tex 2025-08-29 v3.1.11a (3.1.11a)

(/home/abolfazl/Documents/Programs/Texlive/2025/texmf-dist/tex/generic/pgf/libr
aries/pgflibraryfadings.code.tex
File: pgflibraryfadings.code.tex 2025-08-29 v3.1.11a (3.1.11a)
))))

Package fontspec Info: 
(fontspec)             IRZar scale = 1.8.


Package fontspec Info: 
(fontspec)             IRZar scale = 1.8.


Package fontspec Info: 
(fontspec)             IRZar/B scale = 1.8.


Package fontspec Info: 
(fontspec)             IRZar/I scale = 1.8.


Package fontspec Info: 
(fontspec)             IRZar/BI scale = 1.8.


Package fontspec Info: 
(fontspec)             Font family 'IRZar(0)' created for font 'IRZar' with
(fontspec)             options
(fontspec)             [RawFeature={script=arab},Ligatures=PersianTeX,Scale=1.8
].
(fontspec)              
(fontspec)              This font family consists of the following NFSS
(fontspec)             series/shapes:
(fontspec)              
(fontspec)             - 'normal' (m/n) with NFSS spec.:
(fontspec)             <->s*[1.8]"IRZar/OT:language=dflt;script=arab;mapping=pe
rsian-tex-text;"
(fontspec)             - 'bold' (b/n) with NFSS spec.:
(fontspec)             <->s*[1.8]"IRZar/B/OT:language=dflt;script=arab;mapping=
persian-tex-text;"
(fontspec)             - 'italic' (m/it) with NFSS spec.:
(fontspec)             <->s*[1.8]"IRZar/I/OT:language=dflt;script=arab;mapping=
persian-tex-text;"
(fontspec)             - 'bold italic' (b/it) with NFSS spec.:
(fontspec)             <->s*[1.8]"IRZar/BI/OT:language=dflt;script=arab;mapping
=persian-tex-text;"


Package fontspec Info: 
(fontspec)             B Zar scale = 1.4.


Package fontspec Info: 
(fontspec)             Could not resolve font "B Zar/I" (it probably doesn't
(fontspec)             exist).


Package fontspec Info: 
(fontspec)             B Zar scale = 1.4.


Package fontspec Info: 
(fontspec)             B Zar/B scale = 1.4.


Package fontspec Info: 
(fontspec)             B Zar/BI scale = 1.4.


Package fontspec Info: 
(fontspec)             Font family 'BZar(0)' created for font 'B Zar' with
(fontspec)             options
(fontspec)             [RawFeature={script=arab},Ligatures=PersianTeX,Scale=1.4
].
(fontspec)              
(fontspec)              This font family consists of the following NFSS
(fontspec)             series/shapes:
(fontspec)              
(fontspec)             - 'normal' (m/n) with NFSS spec.: <->s*[1.4]"B
(fontspec)             Zar/OT:language=dflt;script=arab;mapping=persian-tex-tex
t;"
(fontspec)             - 'bold' (b/n) with NFSS spec.: <->s*[1.4]"B
(fontspec)             Zar/B/OT:language=dflt;script=arab;mapping=persian-tex-t
ext;"
(fontspec)             - 'bold italic' (b/it) with NFSS spec.: <->s*[1.4]"B
(fontspec)             Zar/BI/OT:language=dflt;script=arab;mapping=persian-tex-
text;"


Package fontspec Info: 
(fontspec)             IRTitr scale = 1.


Package fontspec Info: 
(fontspec)             Could not resolve font "IRTitr/BI" (it probably doesn't
(fontspec)             exist).


Package fontspec Info: 
(fontspec)             Could not resolve font "IRTitr/B" (it probably doesn't
(fontspec)             exist).


Package fontspec Info: 
(fontspec)             Could not resolve font "IRTitr/I" (it probably doesn't
(fontspec)             exist).


Package fontspec Info: 
(fontspec)             IRTitr scale = 1.


Package fontspec Info: 
(fontspec)             Font family 'IRTitr(2)' created for font 'IRTitr' with
(fontspec)             options
(fontspec)             [RawFeature={script=arab},Ligatures=PersianTeX,Scale=1].

(fontspec)              
(fontspec)              This font family consists of the following NFSS
(fontspec)             series/shapes:
(fontspec)              
(fontspec)             - 'normal' (m/n) with NFSS spec.:
(fontspec)             <->s*[1]"IRTitr/OT:language=dflt;script=arab;mapping=per
sian-tex-text;"


Package fontspec Info: 
(fontspec)             XM Traffic scale = .8.


Package fontspec Info: 
(fontspec)             XM Traffic scale = .8.


Package fontspec Info: 
(fontspec)             XM Traffic/B scale = .8.


Package fontspec Info: 
(fontspec)             XM Traffic/I scale = .8.


Package fontspec Info: 
(fontspec)             XM Traffic/BI scale = .8.


Package fontspec Info: 
(fontspec)             Font family 'XMTraffic(0)' created for font 'XM
(fontspec)             Traffic' with options
(fontspec)             [RawFeature={script=arab},Ligatures=PersianTeX,Scale=.8]
.
(fontspec)              
(fontspec)              This font family consists of the following NFSS
(fontspec)             series/shapes:
(fontspec)              
(fontspec)             - 'normal' (m/n) with NFSS spec.: <->s*[.8]"XM
(fontspec)             Traffic/OT:script=latn;language=dflt;script=arab;mapping
=persian-tex-text;"
(fontspec)             - 'bold' (b/n) with NFSS spec.: <->s*[.8]"XM
(fontspec)             Traffic/B/OT:script=latn;language=dflt;script=arab;mappi
ng=persian-tex-text;"
(fontspec)             - 'italic' (m/it) with NFSS spec.: <->s*[.8]"XM
(fontspec)             Traffic/I/OT:script=latn;language=dflt;script=arab;mappi
ng=persian-tex-text;"
(fontspec)             - 'bold italic' (b/it) with NFSS spec.: <->s*[.8]"XM
(fontspec)             Traffic/BI/OT:script=latn;language=dflt;script=arab;mapp
ing=persian-tex-text;"


Package fontspec Info: 
(fontspec)             XM Traffic scale = .9.


Package fontspec Info: 
(fontspec)             XM Traffic scale = .9.


Package fontspec Info: 
(fontspec)             XM Traffic/B scale = .9.


Package fontspec Info: 
(fontspec)             XM Traffic/I scale = .9.


Package fontspec Info: 
(fontspec)             XM Traffic/BI scale = .9.


Package fontspec Info: 
(fontspec)             Font family 'XMTraffic(1)' created for font 'XM
(fontspec)             Traffic' with options
(fontspec)             [RawFeature={script=arab},Ligatures=PersianTeX,Scale=.9]
.
(fontspec)              
(fontspec)              This font family consists of the following NFSS
(fontspec)             series/shapes:
(fontspec)              
(fontspec)             - 'normal' (m/n) with NFSS spec.: <->s*[.9]"XM
(fontspec)             Traffic/OT:script=latn;language=dflt;script=arab;mapping
=persian-tex-text;"
(fontspec)             - 'bold' (b/n) with NFSS spec.: <->s*[.9]"XM
(fontspec)             Traffic/B/OT:script=latn;language=dflt;script=arab;mappi
ng=persian-tex-text;"
(fontspec)             - 'italic' (m/it) with NFSS spec.: <->s*[.9]"XM
(fontspec)             Traffic/I/OT:script=latn;language=dflt;script=arab;mappi
ng=persian-tex-text;"
(fontspec)             - 'bold italic' (b/it) with NFSS spec.: <->s*[.9]"XM
(fontspec)             Traffic/BI/OT:script=latn;language=dflt;script=arab;mapp
ing=persian-tex-text;"


Package fontspec Info: 
(fontspec)             IranNastaliq scale = 2.


Package fontspec Info: 
(fontspec)             Could not resolve font "IranNastaliq/BI" (it probably
(fontspec)             doesn't exist).


Package fontspec Info: 
(fontspec)             Could not resolve font "IranNastaliq/B" (it probably
(fontspec)             doesn't exist).


Package fontspec Info: 
(fontspec)             Could not resolve font "IranNastaliq/I" (it probably
(fontspec)             doesn't exist).


Package fontspec Info: 
(fontspec)             IranNastaliq scale = 2.


Package fontspec Info: 
(fontspec)             Font family 'IranNastaliq(0)' created for font
(fontspec)             'IranNastaliq' with options
(fontspec)             [RawFeature={script=arab},Ligatures=PersianTeX,Scale=2].

(fontspec)              
(fontspec)              This font family consists of the following NFSS
(fontspec)             series/shapes:
(fontspec)              
(fontspec)             - 'normal' (m/n) with NFSS spec.:
(fontspec)             <->s*[2]"IranNastaliq/OT:language=dflt;script=arab;mappi
ng=persian-tex-text;"


Package fontspec Info: 
(fontspec)             B Titr scale = 1.6.


Package fontspec Info: 
(fontspec)             Could not resolve font "B Titr/BI" (it probably doesn't
(fontspec)             exist).


Package fontspec Info: 
(fontspec)             Could not resolve font "B Titr/B" (it probably doesn't
(fontspec)             exist).


Package fontspec Info: 
(fontspec)             Could not resolve font "B Titr/I" (it probably doesn't
(fontspec)             exist).


Package fontspec Info: 
(fontspec)             B Titr scale = 1.6.


Package fontspec Info: 
(fontspec)             Font family 'BTitr(0)' created for font 'B Titr' with
(fontspec)             options
(fontspec)             [RawFeature={script=arab},Ligatures=PersianTeX,Scale=1.6
].
(fontspec)              
(fontspec)              This font family consists of the following NFSS
(fontspec)             series/shapes:
(fontspec)              
(fontspec)             - 'normal' (m/n) with NFSS spec.: <->s*[1.6]"B
(fontspec)             Titr/OT:language=dflt;script=arab;mapping=persian-tex-te
xt;"

) (./ETC/words.tex) (./ETC/abbre.tex)
(/home/abolfazl/Documents/Programs/Texlive/2025/texmf-dist/tex/latex/bidi/repor
t-xetex-bidi.def
File: report-xetex-bidi.def 2025/09/04 v1.0 bidi adaptations for standard repor
t class for XeTeX engine
)
(/home/abolfazl/Documents/Programs/Texlive/2025/texmf-dist/tex/latex/bidi/float
-xetex-bidi.def
File: float-xetex-bidi.def 2013/04/04 v0.2 bidi adaptations for float package f
or XeTeX engine
)
(/home/abolfazl/Documents/Programs/Texlive/2025/texmf-dist/tex/latex/bidi/bidi-
perpage.sty
Package: bidi-perpage 2025/09/15 v0.5 Reset counter(s) on every page
\bidi@page@count=\count507
)
\bidi@footnote@count=\count508
\bidi@previous@page@@footnote@count=\count509
 (./Thesis.aux)
\openout1 = `Thesis.aux'.

LaTeX Font Info:    Checking defaults for OML/cmm/m/it on input line 30.
LaTeX Font Info:    ... okay on input line 30.
LaTeX Font Info:    Checking defaults for OMS/cmsy/m/n on input line 30.
LaTeX Font Info:    ... okay on input line 30.
LaTeX Font Info:    Checking defaults for OT1/cmr/m/n on input line 30.
LaTeX Font Info:    ... okay on input line 30.
LaTeX Font Info:    Checking defaults for T1/cmr/m/n on input line 30.
LaTeX Font Info:    ... okay on input line 30.
LaTeX Font Info:    Checking defaults for TS1/cmr/m/n on input line 30.
LaTeX Font Info:    ... okay on input line 30.
LaTeX Font Info:    Checking defaults for TU/lmr/m/n on input line 30.
LaTeX Font Info:    ... okay on input line 30.
LaTeX Font Info:    Checking defaults for OMX/cmex/m/n on input line 30.
LaTeX Font Info:    ... okay on input line 30.
LaTeX Font Info:    Checking defaults for U/cmr/m/n on input line 30.
LaTeX Font Info:    ... okay on input line 30.
LaTeX Font Info:    Checking defaults for PD1/pdf/m/n on input line 30.
LaTeX Font Info:    ... okay on input line 30.
LaTeX Font Info:    Checking defaults for PU/pdf/m/n on input line 30.
LaTeX Font Info:    ... okay on input line 30.

*geometry* driver: auto-detecting
*geometry* detected driver: xetex
*geometry* verbose mode - [ preamble ] result:
* driver: xetex
* paper: a4paper
* layout: <same size as paper>
* layoutoffset:(h,v)=(0.0pt,0.0pt)
* modes: twoside 
* h-part:(L,W,R)=(56.9055pt, 480.85143pt, 59.75095pt)
* v-part:(T,H,B)=(68.28644pt, 702.78308pt, 73.97733pt)
* \paperwidth=597.50787pt
* \paperheight=845.04684pt
* \textwidth=480.85143pt
* \textheight=702.78308pt
* \oddsidemargin=-15.36449pt
* \evensidemargin=-12.51904pt
* \topmargin=-40.98355pt
* \headheight=12.0pt
* \headsep=25.0pt
* \topskip=10.0pt
* \footskip=30.0pt
* \marginparwidth=121.0pt
* \marginparsep=11.0pt
* \columnsep=10.0pt
* \skip\footins=9.0pt plus 4.0pt minus 2.0pt
* \hoffset=0.0pt
* \voffset=0.0pt
* \mag=1000
* \@twocolumnfalse
* \@twosidetrue
* \@mparswitchtrue
* \@reversemarginfalse
* (1in=72.27pt=25.4mm, 1cm=28.453pt)

Package caption Info: Begin \AtBeginDocument code.
Package caption Info: hyperref package is loaded.
Package caption Info: listings package is loaded.
Package caption Info: longtable package is loaded.

(/home/abolfazl/Documents/Programs/Texlive/2025/texmf-dist/tex/latex/caption/lt
caption.sty
Package: ltcaption 2021/01/08 v1.4c longtable captions (AR)
)
Package caption Info: supertabular package is loaded.
Package caption Info: wrapfig package is loaded.
Package caption Info: End \AtBeginDocument code.

(/home/abolfazl/Documents/Programs/Texlive/2025/texmf-dist/tex/latex/pdflscape/
pdflscape.sty
Package: pdflscape 2025-06-23 v0.14 Display of landscape pages in PDF

(/home/abolfazl/Documents/Programs/Texlive/2025/texmf-dist/tex/latex/pdflscape/
pdflscape-nometadata.sty
Package: pdflscape-nometadata 2025-06-23 v0.14 Display of landscape pages in PD
F (HO)

(/home/abolfazl/Documents/Programs/Texlive/2025/texmf-dist/tex/latex/graphics/l
scape.sty
Package: lscape 2020/05/28 v3.02 Landscape Pages (DPC)
)
(/home/abolfazl/Documents/Programs/Texlive/2025/texmf-dist/tex/latex/bidi/lscap
e-xetex-bidi.def
File: lscape-xetex-bidi.def 2025/01/03 v0.3 bidi adaptations for lscape package
 for XeTeX engine
)
Package pdflscape Info: Auto-detected driver: dvipdfm (xetex) on input line 98.

))
(/home/abolfazl/Documents/Programs/Texlive/2025/texmf-dist/tex/latex/bidi/pdfls
cape-xetex-bidi.def
File: pdflscape-xetex-bidi.def 2022/02/18 v0.1 bidi adaptations for pdflscape p
ackage for XeTeX engine
)
\c@lstlisting=\count510
Package hyperref Info: Link coloring ON on input line 30.
 (./Thesis.out) (./Thesis.out)
\@outlinefile=\write10
\openout10 = `Thesis.out'.


Package fontspec Info: 
(fontspec)             IRNazanin scale = 1.25.

LaTeX Info: Redefining \persianfont on input line 33.

Package fontspec Info: 
(fontspec)             Linux Libertine scale = 1.


Package fontspec Info: 
(fontspec)             Linux Libertine scale = 1.


Package fontspec Info: 
(fontspec)             Linux Libertine scale = 1.


Package fontspec Info: 
(fontspec)             Linux Libertine/B scale = 1.


Package fontspec Info: 
(fontspec)             Linux Libertine/B scale = 1.


Package fontspec Info: 
(fontspec)             Linux Libertine/I scale = 1.


Package fontspec Info: 
(fontspec)             Linux Libertine/I scale = 1.


Package fontspec Info: 
(fontspec)             Linux Libertine/BI scale = 1.


Package fontspec Info: 
(fontspec)             Font family 'LinuxLibertine(1)' created for font 'Linux
(fontspec)             Libertine' with options [Ligatures=TeX,Scale=1].
(fontspec)              
(fontspec)              This font family consists of the following NFSS
(fontspec)             series/shapes:
(fontspec)              
(fontspec)             - 'normal' (m/n) with NFSS spec.: <->s*[1]"Linux
(fontspec)             Libertine/OT:script=latn;language=dflt;mapping=tex-text;
"
(fontspec)             - 'small caps'  (m/sc) with NFSS spec.: <->s*[1]"Linux
(fontspec)             Libertine/OT:script=latn;language=dflt;+smcp;mapping=tex
-text;"
(fontspec)             - 'bold' (b/n) with NFSS spec.: <->s*[1]"Linux
(fontspec)             Libertine/B/OT:script=latn;language=dflt;mapping=tex-tex
t;"
(fontspec)             - 'bold small caps'  (b/sc) with NFSS spec.:
(fontspec)             <->s*[1]"Linux
(fontspec)             Libertine/B/OT:script=latn;language=dflt;+smcp;mapping=t
ex-text;"
(fontspec)             - 'italic' (m/it) with NFSS spec.: <->s*[1]"Linux
(fontspec)             Libertine/I/OT:script=latn;language=dflt;mapping=tex-tex
t;"
(fontspec)             - 'italic small caps'  (m/scit) with NFSS spec.:
(fontspec)             <->s*[1]"Linux
(fontspec)             Libertine/I/OT:script=latn;language=dflt;+smcp;mapping=t
ex-text;"
(fontspec)             - 'bold italic' (b/it) with NFSS spec.: <->s*[1]"Linux
(fontspec)             Libertine/BI/OT:script=latn;language=dflt;mapping=tex-te
xt;"

LaTeX Info: Redefining \latinfont on input line 33.
LaTeX Font Info:    Trying to load font information for U+msa on input line 33.


(/home/abolfazl/Documents/Programs/Texlive/2025/texmf-dist/tex/latex/amsfonts/u
msa.fd
File: umsa.fd 2013/01/14 v3.01 AMS symbols A
)
LaTeX Font Info:    Trying to load font information for U+msb on input line 33.


(/home/abolfazl/Documents/Programs/Texlive/2025/texmf-dist/tex/latex/amsfonts/u
msb.fd
File: umsb.fd 2013/01/14 v3.01 AMS symbols B
)
LaTeX Font Info:    Trying to load font information for U+wasy on input line 33
.

(/home/abolfazl/Documents/Programs/Texlive/2025/texmf-dist/tex/latex/wasysym/uw
asy.fd
File: uwasy.fd 2020/01/19 v2.4 Wasy-2 symbol font definitions
)
File: ./Pic/Logo/Fa.png Graphic file (type bmp)
<./Pic/Logo/Fa.png>
LaTeX Font Info:    Font shape `TU/IRNazanin(0)/b/n' will be
(Font)              scaled to size 12.5pt on input line 33.


LaTeX Font Warning: Font shape `TU/IRTitr(1)/b/n' undefined
(Font)              using `TU/IRTitr(1)/m/n' instead on input line 33.

LaTeX Font Info:    Font shape `TU/IRTitr(1)/m/n' will be
(Font)              scaled to size 23.00003pt on input line 33.
LaTeX Font Info:    Font shape `TU/IRNazanin(0)/m/n' will be
(Font)              scaled to size 15.0pt on input line 33.
LaTeX Font Info:    Font shape `TU/IRNazanin(0)/m/n' will be
(Font)              scaled to size 17.99998pt on input line 33.
LaTeX Font Info:    Font shape `TU/IRNazanin(0)/b/n' will be
(Font)              scaled to size 17.99998pt on input line 33.


[1

\openout5 = `Thesis.xdy'.

]
LaTeX Font Info:    Font shape `TU/Besmellah2(0)/m/n' will be
(Font)              scaled to size 500.0pt on input line 35.


[2

] (./ETC/sign.tex
LaTeX Font Info:    Font shape `TU/IRZar(0)/m/n' will be
(Font)              scaled to size 25.92003pt on input line 5.
) (./ETC/taahod.tex

[3

]
LaTeX Font Info:    Font shape `TU/IRNazanin(0)/m/n' will be
(Font)              scaled to size 21.59999pt on input line 5.
LaTeX Font Info:    Font shape `TU/IRNazanin(0)/b/n' will be
(Font)              scaled to size 21.59999pt on input line 5.

Package fontspec Info: 
(fontspec)             IRNazanin scale = 1.25.

LaTeX Info: Redefining \persianfont on input line 23.

Package fontspec Info: 
(fontspec)             Linux Libertine scale = 1.

LaTeX Info: Redefining \latinfont on input line 23.
) (./ETC/taghdim.tex

[4

]
LaTeX Font Info:    Font shape `TU/IranNastaliq(0)/m/n' will be
(Font)              scaled to size 20.0pt on input line 15.
LaTeX Font Info:    Font shape `TU/IranNastaliq(0)/m/n' will be
(Font)              scaled to size 34.56pt on input line 15.
) (./Chapters/Abstract/Fa.tex

[5])

[6

]
LaTeX Font Info:    Font shape `TU/IRNazanin(0)/m/n' will be
(Font)              scaled to size 31.1pt on input line 43.
LaTeX Font Info:    Font shape `TU/IRNazanin(0)/b/n' will be
(Font)              scaled to size 31.1pt on input line 43.
 (./Thesis.toc

[1


])
\tf@toc=\write11
\openout11 = `Thesis.toc'.



[2] (./Thesis.lof
File: ./Pic//ETCMobile/0GTo6G/mainFig.pdf Graphic file (type pdf)
<use ./Pic//ETCMobile/0GTo6G/mainFig.pdf>
File: ./Pic//calcdistance/mainFig.pdf Graphic file (type pdf)
<use ./Pic//calcdistance/mainFig.pdf>
LaTeX Font Info:    Font shape `TU/LinuxLibertine(0)/m/n' will be
(Font)              scaled to size 11.00006pt on input line 2.
File: ./Pic//Roadmap/mainFig.pdf Graphic file (type pdf)
<use ./Pic//Roadmap/mainFig.pdf>
)
\tf@lof=\write12
\openout12 = `Thesis.lof'.



[3



]

[4


] (./Thesis.lot)
\tf@lot=\write13
\openout13 = `Thesis.lot'.



[5

]

[6


] (./Thesis.acr
LaTeX Font Info:    Font shape `TU/LinuxLibertine(0)/m/n' will be
(Font)              scaled to size 13.20007pt on input line 26.
LaTeX Font Info:    Font shape `TU/LinuxLibertine(0)/b/n' will be
(Font)              scaled to size 13.20007pt on input line 26.

Underfull \hbox (badness 10000) in paragraph at lines 28--33
[][]
 []


Underfull \hbox (badness 10000) in paragraph at lines 36--38
[][]
 []


Underfull \hbox (badness 10000) in paragraph at lines 41--41
[][]
 []


Underfull \hbox (badness 10000) in paragraph at lines 44--46
[][]
 []


Underfull \hbox (badness 10000) in paragraph at lines 49--49
[][]
 []


Underfull \hbox (badness 10000) in paragraph at lines 52--52
[][]
 []



[7


]
Underfull \hbox (badness 10000) in paragraph at lines 55--57
[][]
 []

)
Underfull \hbox (badness 10000) in paragraph at lines 62--46
[][]
 []



[8] (./Chapters/Introduction.tex
فصل 1.
LaTeX Font Info:    Font shape `TU/IRNazanin(0)/m/n' will be
(Font)              scaled to size 25.925pt on input line 1.
LaTeX Font Info:    Font shape `TU/IRNazanin(0)/b/n' will be
(Font)              scaled to size 25.925pt on input line 1.
File: ./Pic//ETCMobile/0GTo6G/mainFig.pdf Graphic file (type pdf)
<use ./Pic//ETCMobile/0GTo6G/mainFig.pdf>
LaTeX Font Info:    Font shape `TU/IRNazanin(0)/m/n' will be
(Font)              scaled to size 11.25pt on input line 8.
LaTeX Font Info:    Font shape `TU/IRNazanin(0)/m/n' will be
(Font)              scaled to size 8.75pt on input line 16.
LaTeX Font Info:    Font shape `TU/IRNazanin(0)/m/n' will be
(Font)              scaled to size 10.0pt on input line 16.
LaTeX Font Info:    Font shape `TU/LinuxLibertine(0)/m/n' will be
(Font)              scaled to size 8.80005pt on input line 16.
LaTeX Font Info:    Font shape `TU/LinuxLibertine(0)/m/n' will be
(Font)              scaled to size 6.60004pt on input line 16.
LaTeX Font Info:    Font shape `TU/LinuxLibertine(0)/m/n' will be
(Font)              scaled to size 7.70004pt on input line 18.


[1


]
(/home/abolfazl/Documents/Programs/Texlive/2025/texmf-dist/tex/latex/listings/l
stlang1.sty
File: lstlang1.sty 2024/09/23 1.10c listings language file
)
(/home/abolfazl/Documents/Programs/Texlive/2025/texmf-dist/tex/latex/listings/l
stlang2.sty
File: lstlang2.sty 2024/09/23 1.10c listings language file
)
(/home/abolfazl/Documents/Programs/Texlive/2025/texmf-dist/tex/latex/listings/l
stlang3.sty
File: lstlang3.sty 2024/09/23 1.10c listings language file
)
(/home/abolfazl/Documents/Programs/Texlive/2025/texmf-dist/tex/latex/listings/l
stmisc.sty
File: lstmisc.sty 2024/09/23 1.10c (Carsten Heinz)
)
(/home/abolfazl/Documents/Programs/Texlive/2025/texmf-dist/tex/latex/listings/l
stlang1.sty
File: lstlang1.sty 2024/09/23 1.10c listings language file
)
(/home/abolfazl/Documents/Programs/Texlive/2025/texmf-dist/tex/latex/listings/l
stlang2.sty
File: lstlang2.sty 2024/09/23 1.10c listings language file
)
(/home/abolfazl/Documents/Programs/Texlive/2025/texmf-dist/tex/latex/listings/l
stlang3.sty
File: lstlang3.sty 2024/09/23 1.10c listings language file
)
(/home/abolfazl/Documents/Programs/Texlive/2025/texmf-dist/tex/latex/listings/l
stlang1.sty
File: lstlang1.sty 2024/09/23 1.10c listings language file
)
(/home/abolfazl/Documents/Programs/Texlive/2025/texmf-dist/tex/latex/listings/l
stlang2.sty
File: lstlang2.sty 2024/09/23 1.10c listings language file
)
(/home/abolfazl/Documents/Programs/Texlive/2025/texmf-dist/tex/latex/listings/l
stlang3.sty
File: lstlang3.sty 2024/09/23 1.10c listings language file
)
(/home/abolfazl/Documents/Programs/Texlive/2025/texmf-dist/tex/latex/listings/l
stmisc.sty
File: lstmisc.sty 2024/09/23 1.10c (Carsten Heinz)
)
LaTeX Font Info:    Font shape `TU/lmtt/bx/n' in size <10> not available
(Font)              Font shape `TU/lmtt/b/n' tried instead on input line 88.
LaTeX Font Info:    Font shape `TU/LinuxLibertine(0)/m/it' will be
(Font)              scaled to size 11.00006pt on input line 99.

Underfull \vbox (badness 3668) has occurred while \output is active []



[2]
\endL or \endR problem (2 missing, 0 extra) detected at line 121
 [][][]\U/pzd/m/n/12 4[][]
 []


\endL or \endR problem (0 missing, 2 extra) detected at line 121
[][][] [][][][][]
 []


\endL or \endR problem (2 missing, 0 extra) detected at line 125
 [][][]\U/pzd/m/n/12 4[][]
 []


\endL or \endR problem (0 missing, 2 extra) detected at line 125
[][][] [][][][][]
 []


\endL or \endR problem (2 missing, 0 extra) detected at line 129
 [][][]\U/pzd/m/n/12 4[][]
 []


\endL or \endR problem (0 missing, 2 extra) detected at line 129
[][][] [][][][][]
 []


\endL or \endR problem (2 missing, 0 extra) detected at line 131
 [][][]\U/pzd/m/n/12 4[][]
 []


\endL or \endR problem (0 missing, 2 extra) detected at line 131
[][][] [][][][][]
 []


\endL or \endR problem (2 missing, 0 extra) detected at line 134
 [][][]\U/pzd/m/n/12 4[][]
 []


\endL or \endR problem (0 missing, 2 extra) detected at line 134
[][][] [][][][][]
 []


\endL or \endR problem (2 missing, 0 extra) detected at line 136
 [][][]\U/pzd/m/n/12 4[][]
 []


\endL or \endR problem (0 missing, 2 extra) detected at line 136
[][][] [][][][][]
 []


\endL or \endR problem (2 missing, 0 extra) detected at line 139
 [][][]\U/pzd/m/n/12 4[][]
 []


\endL or \endR problem (0 missing, 2 extra) detected at line 139
[][][] [][][][][]
 []


\endL or \endR problem (2 missing, 0 extra) detected at line 142
 [][][]\U/pzd/m/n/12 4[][]
 []


\endL or \endR problem (0 missing, 2 extra) detected at line 142
[][][] [][][][][]
 []


\endL or \endR problem (2 missing, 0 extra) detected at line 144
 [][][]\U/pzd/m/n/12 4[][]
 []


\endL or \endR problem (0 missing, 2 extra) detected at line 144
[][][] [][][][][]
 []


\endL or \endR problem (2 missing, 0 extra) detected at line 145
 [][][]\U/pzd/m/n/12 4[][]
 []


\endL or \endR problem (0 missing, 2 extra) detected at line 145
[][][] [][][][][]
 []

File: ./Pic//calcdistance/mainFig.pdf Graphic file (type pdf)
<use ./Pic//calcdistance/mainFig.pdf>
LaTeX Font Info:    Font shape `TU/LinuxLibertine(0)/m/n' will be
(Font)              scaled to size 9.90005pt on input line 156.

Underfull \vbox (badness 5189) has occurred while \output is active []



[3]
\endL or \endR problem (2 missing, 0 extra) detected at line 165
 [][][]\U/pzd/m/n/12 4[][]
 []


\endL or \endR problem (0 missing, 2 extra) detected at line 165
[][][] [][][][][]
 []

) (./Chapters/Concepts.tex

[4]
فصل 2.
LaTeX Font Info:    Font shape `TU/IRNazanin(0)/b/n' will be
(Font)              scaled to size 15.0pt on input line 14.
File: ../../../Boostan/tex/images/icon/note.png Graphic file (type bmp)
<../../../Boostan/tex/images/icon/note.png>

Underfull \vbox (badness 10000) has occurred while \output is active []



[5

]
File: ../../../Boostan/tex/images/icon/home.png Graphic file (type bmp)
<../../../Boostan/tex/images/icon/home.png>
File: ../../../Boostan/tex/images/icon/referO.png Graphic file (type bmp)
<../../../Boostan/tex/images/icon/referO.png>

Underfull \vbox (badness 10000) has occurred while \output is active []




Package fancyhdr Warning: \headheight is too small (12.0pt): 
(fancyhdr)                Make it at least 12.03764pt, for example:
(fancyhdr)                \setlength{\headheight}{12.03764pt}.
(fancyhdr)                You might also make \topmargin smaller:
(fancyhdr)                \addtolength{\topmargin}{-0.03764pt}.

[6]
File: ../../../Boostan/tex/images/icon/infoRR.png Graphic file (type bmp)
<../../../Boostan/tex/images/icon/infoRR.png>
File: ../../../Boostan/tex/images/icon/warining.png Graphic file (type bmp)
<../../../Boostan/tex/images/icon/warining.png>
File: ../../../Boostan/tex/images/icon/archeryf.pdf Graphic file (type pdf)
<use ../../../Boostan/tex/images/icon/archeryf.pdf>

Underfull \vbox (badness 10000) has occurred while \output is active []




Package fancyhdr Warning: \headheight is too small (12.0pt): 
(fancyhdr)                Make it at least 12.03764pt, for example:
(fancyhdr)                \setlength{\headheight}{12.03764pt}.
(fancyhdr)                You might also make \topmargin smaller:
(fancyhdr)                \addtolength{\topmargin}{-0.03764pt}.

[7]
Package mdframed Info: mdframed inside twoside mode but
(mdframed)             works with oneside mode on input line 68.
Package mdframed Info: mdframed detected package amsthm 
 changed the theorem header of amsthm
(mdframed)              on input line 68.
Package mdframed Info: mdframed inside twoside mode but
(mdframed)             works with oneside mode on input line 72.
Package mdframed Info: mdframed detected package amsthm 
 changed the theorem header of amsthm
(mdframed)              on input line 72.
Package mdframed Info: mdframed inside twoside mode but
(mdframed)             works with oneside mode on input line 76.
Package mdframed Info: mdframed detected package amsthm 
 changed the theorem header of amsthm
(mdframed)              on input line 76.
Package mdframed Info: mdframed inside twoside mode but
(mdframed)             works with oneside mode on input line 80.
Package mdframed Info: mdframed detected package amsthm 
 changed the theorem header of amsthm
(mdframed)              on input line 80.
Package mdframed Info: mdframed works in twoside mode on input line 82.
Package mdframed Info: mdframed detected package amsthm 
 changed the theorem header of amsthm
(mdframed)              on input line 82.


Package mdframed Warning: You got a bad break
(mdframed)                because the last box will be empty
(mdframed)                you have to change it manually
(mdframed)                by changing the text, the space
(mdframed)                or something else on input line 84.




Package fancyhdr Warning: \headheight is too small (12.0pt): 
(fancyhdr)                Make it at least 12.03764pt, for example:
(fancyhdr)                \setlength{\headheight}{12.03764pt}.
(fancyhdr)                You might also make \topmargin smaller:
(fancyhdr)                \addtolength{\topmargin}{-0.03764pt}.

[8]
Package mdframed Info: mdframed works in twoside mode on input line 88.
Package mdframed Info: mdframed detected package amsthm 
 changed the theorem header of amsthm
(mdframed)              on input line 88.
Package mdframed Info: mdframed works in twoside mode on input line 96.
Package mdframed Info: mdframed detected package amsthm 
 changed the theorem header of amsthm
(mdframed)              on input line 96.
Package mdframed Info: mdframed detected package amsthm 
 changed the theorem header of amsthm
(mdframed)              on input line 97.
Package mdframed Info: mdframed works in twoside mode on input line 99.
Package mdframed Info: mdframed detected package amsthm 
 changed the theorem header of amsthm
(mdframed)              on input line 99.
Package mdframed Info: mdframed detected package amsthm 
 changed the theorem header of amsthm
(mdframed)              on input line 100.
LaTeX Font Info:    Font shape `TU/IRNazanin(0)/m/it' will be
(Font)              scaled to size 12.5pt on input line 105.



Package fancyhdr Warning: \headheight is too small (12.0pt): 
(fancyhdr)                Make it at least 12.03764pt, for example:
(fancyhdr)                \setlength{\headheight}{12.03764pt}.
(fancyhdr)                You might also make \topmargin smaller:
(fancyhdr)                \addtolength{\topmargin}{-0.03764pt}.

[9]
Package mdframed Info: mdframed inside twoside mode but
(mdframed)             works with oneside mode on input line 112.
Package mdframed Info: mdframed detected package amsthm 
 changed the theorem header of amsthm
(mdframed)              on input line 112.
Package mdframed Info: mdframed inside twoside mode but
(mdframed)             works with oneside mode on input line 115.
Package mdframed Info: mdframed detected package amsthm 
 changed the theorem header of amsthm
(mdframed)              on input line 115.

(/home/abolfazl/Documents/Programs/Texlive/2025/texmf-dist/tex/latex/listings/l
stlang1.sty
File: lstlang1.sty 2024/09/23 1.10c listings language file
)
Package hyperref Info: bookmark level for unknown lstlisting defaults to 0 on i
nput line 123.
 (./Code/code3.m) (./Code/prog3.m


Package fancyhdr Warning: \headheight is too small (12.0pt): 
(fancyhdr)                Make it at least 12.03764pt, for example:
(fancyhdr)                \setlength{\headheight}{12.03764pt}.
(fancyhdr)                You might also make \topmargin smaller:
(fancyhdr)                \addtolength{\topmargin}{-0.03764pt}.

[10]) (./Code/code4.m)) (./Chapters/RelatedWorks.tex


Package fancyhdr Warning: \headheight is too small (12.0pt): 
(fancyhdr)                Make it at least 12.03764pt, for example:
(fancyhdr)                \setlength{\headheight}{12.03764pt}.
(fancyhdr)                You might also make \topmargin smaller:
(fancyhdr)                \addtolength{\topmargin}{-0.03764pt}.

[11]
فصل 3.

Overfull \hbox (7.73866pt too wide) in paragraph at lines 5--10
[][]\TU/IRNazanin(0)/m/n/10 مسئله‌ی بهینه‌سازی شبکه‌های تلفن همراه از جنبه‌های 
مختلفی موردمطالعه قرار گرفته است که می‌توان آن‌ها را در دسته‌بندی‌های[]
 []

File: ./Pic//Roadmap/mainFig.pdf Graphic file (type pdf)
<use ./Pic//Roadmap/mainFig.pdf>
File: ./Pic//Person/LukmanMedriavinSilalahi.jpg Graphic file (type bmp)
<./Pic//Person/LukmanMedriavinSilalahi.jpg>
File: ./Pic//Person/MarcoSousa.png Graphic file (type bmp)
<./Pic//Person/MarcoSousa.png>
File: ./Pic//Person/peeraponguthansakul.jpg Graphic file (type bmp)
<./Pic//Person/peeraponguthansakul.jpg>
File: ./Pic//Person/YuliarmanSaragih.jpg Graphic file (type bmp)
<./Pic//Person/YuliarmanSaragih.jpg>
) (./Chapters/Approach.tex
Underfull \vbox (badness 10000) has occurred while \output is active []



[12

]

[13]

[14]
فصل 4.

Package fontspec Info: 
(fontspec)             IRNazanin scale = 1.25.

LaTeX Info: Redefining \persianfont on input line 19.

Package fontspec Info: 
(fontspec)             Linux Libertine scale = 1.

LaTeX Info: Redefining \latinfont on input line 19.
LaTeX Font Info:    Font shape `TU/IRNazanin(0)/m/n' will be
(Font)              scaled to size 6.25pt on input line 43.
Package mdframed Info: mdframed works in twoside mode on input line 58.
Package mdframed Info: mdframed detected package amsthm 
 changed the theorem header of amsthm
(mdframed)              on input line 58.
Package mdframed Info: mdframed detected package amsthm 
 changed the theorem header of amsthm
(mdframed)              on input line 61.

Underfull \hbox (badness 10000) in paragraph at lines 69--72
[][]
 []



[15

]

Package hyperref Warning: No autoref name for `algorithm' on input line 94.

Package hyperref Info: bookmark level for unknown algorithm defaults to 0 on in
put line 97.
LaTeX Font Info:    Font shape `TU/LinuxLibertine(0)/b/n' will be
(Font)              scaled to size 11.00006pt on input line 101.
) (./Chapters/Simulation.tex

[16]

[17]
فصل 5.
) (./Chapters/Conclusion.tex

[18

]
فصل 6.
)

[19

] (./Thesis.bbl
Underfull \hbox (badness 6859) in paragraph at lines 9--12
[][]\TU/LinuxLibertine(0)/m/n/10 GSMA, “The Mobile Economy 2024,” \TU/LinuxLibe
rtine(0)/m/it/10 [Online], Available: https://www.gsma.com/solutions-and-[]
 []


Underfull \hbox (badness 10000) in paragraph at lines 9--12
[]\TU/LinuxLibertine(0)/m/it/10 impact/connectivity-for-good/mobile-economy/wp-
content/uploads/2024/02/260224-The-Mobile-Economy-[]
 []

)

[20


] (./Thesis.gls
Underfull \hbox (badness 10000) in paragraph at lines 28--30
[][]
 []


Underfull \hbox (badness 10000) in paragraph at lines 33--35
[][]
 []


Underfull \hbox (badness 10000) in paragraph at lines 38--43
[][]
 []


Underfull \hbox (badness 10000) in paragraph at lines 46--46
[][]
 []


Underfull \hbox (badness 10000) in paragraph at lines 49--51
[][]
 []


Underfull \hbox (badness 10000) in paragraph at lines 54--54
[][]
 []


Underfull \vbox (badness 4168) has occurred while \output is active []




Underfull \hbox (badness 10000) in paragraph at lines 57--57
[][]
 []

)
Underfull \hbox (badness 10000) in paragraph at lines 60--58
[][]
 []



[21




] (./Thesis.bls
Underfull \hbox (badness 10000) in paragraph at lines 28--28
[][]
 []


Underfull \hbox (badness 10000) in paragraph at lines 31--35
[][]
 []


Underfull \hbox (badness 10000) in paragraph at lines 41--41
[][]
 []


Underfull \hbox (badness 10000) in paragraph at lines 44--44
[][]
 []


Underfull \hbox (badness 10000) in paragraph at lines 47--47
[][]
 []


Underfull \hbox (badness 10000) in paragraph at lines 50--52
[][]
 []



)
Underfull \hbox (badness 10000) in paragraph at lines 55--58
[][]
 []



[22



]
No file Thesis.ind.

Package fontspec Info: 
(fontspec)             IRNazanin scale = 1.25.

LaTeX Info: Redefining \persianfont on input line 60.

Package fontspec Info: 
(fontspec)             Linux Libertine scale = 1.1.

LaTeX Info: Redefining \latinfont on input line 60.
(./Chapters/Abstract/En.tex
LaTeX Font Info:    Font shape `TU/LinuxLibertine(0)/m/n' will be
(Font)              scaled to size 15.84007pt on input line 3.
LaTeX Font Info:    Font shape `TU/LinuxLibertine(0)/b/n' will be
(Font)              scaled to size 15.84007pt on input line 3.
) (./Chapters/Titles/English.tex


Package fancyhdr Warning: \headheight is too small (12.0pt): 
(fancyhdr)                Make it at least 12.03764pt, for example:
(fancyhdr)                \setlength{\headheight}{12.03764pt}.
(fancyhdr)                You might also make \topmargin smaller:
(fancyhdr)                \addtolength{\topmargin}{-0.03764pt}.

[23



]

Package fontspec Info: 
(fontspec)             IRNazanin scale = 1.25.

LaTeX Info: Redefining \persianfont on input line 8.

Package fontspec Info: 
(fontspec)             Linux Libertine scale = 1.

LaTeX Info: Redefining \latinfont on input line 8.
LaTeX Font Info:    Font shape `TU/LinuxLibertine(1)/m/n' will be
(Font)              scaled to size 10.0pt on input line 8.
File: ./Pic/Logo/En.png Graphic file (type bmp)
<./Pic/Logo/En.png>
LaTeX Font Info:    Font shape `TU/LinuxLibertine(0)/b/n' will be
(Font)              scaled to size 16.50009pt on input line 27.


[24]) (./Thesis.aux)
 ***********
LaTeX2e <2025-06-01> patch level 1
L3 programming layer <2025-09-02>
 ***********


LaTeX Font Warning: Some font shapes were not available, defaults substituted.

Package rerunfilecheck Info: File `Thesis.out' has not changed.
(rerunfilecheck)             Checksum: 6957BDCD14EF87913E738D6D3C377856;6151.
 ) 
Here is how much of TeX's memory you used:
 46762 strings out of 468438
 989830 string characters out of 9184907
 1710356 words of memory out of 12000000
 74112 multiletter control sequences out of 15000+600000
 636590 words of font info for 188 fonts, out of 8000000 for 9000
 1348 hyphenation exceptions out of 8191
 99i,15n,140p,2583b,2080s stack positions out of 10000i,1000n,20000p,200000b,200000s

Output written on Thesis.pdf (38 pages).
